AC,AL,AM,AP,BA,CE,DF,ES,EX,GO,MA,MG,MS,MT,PA,PB,PE,PI,PR,RJ,RN,RO,RR,RS,SC,SE,SP,TO
Acrelândia,Anadia,Alvarães,Amapá,Abaré,Abaiara,Arniqueira,Afonso Cláudio,,Abadia de Goiás,Afonso Cunha,Abadia dos Dourados,Alcinópolis,Acorizal,Abaetetuba,Aguiar,Abreu e Lima,Acauã,Abatiá,Angra dos Reis,Acari,Alta Floresta D'Oeste,Alto Alegre,Aceguá,Abdon Batista,Amparo do São Francisco,Adamantina,Abreulândia
Assis Brasil,Arapiraca,Amaturá,Calçoene,Abaíra,Acarape,Brasília (Plano Piloto),Alegre,,Abadiânia,Alcântara,Abaeté,Amambai,Alta Floresta,Abel Figueiredo,Alagoa Grande,Afogados da Ingazeira,Agricolândia,Adrianópolis,Aperibé,Afonso Bezerra,Alto Alegre dos Parecis,Amajari,Agudo,Abelardo Luz,Aquidabã,Adolfo,Aguiarnópolis
Brasiléia,Atalaia,Anamã,Cutias,Acajutiba,Acaraú,Brazlândia,Alfredo Chaves,,Acreúna,Aldeias Altas,Abre Campo,Anastácio,Alto Araguaia,Acará,Alagoa Nova,Afrânio,Alagoinha do Piauí,Agudos do Sul,Araruama,Alexandria,Alto Paraíso,Boa Vista,Ajuricaba,Agrolândia,Aracaju,Aguaí,Aliança do Tocantins
Bujari,Barra de Santo Antônio,Anori,Ferreira Gomes,Adustina,Acopiara,Candangolândia,Alto Rio Novo,,Adelândia,Altamira do Maranhão,Acaiaca,Anaurilândia,Alto Boa Vista,Afuá,Alagoinha,Agrestina,Alegrete do Piauí,Almirante Tamandaré,Areal,Almino Afonso,Alvorada D'Oeste,Bonfim,Alecrim,Agronômica,Arauá,Agudos,Almas
Capixaba,Barra de São Miguel,Apuí,Itaubal,Aiquara,Aiuaba,Ceilândia,Anchieta,,Alexânia,Alto Alegre do Maranhão,Aguanil,Angélica,Alto Garças,Alenquer,Alcantil,Alagoinha,Alto Longá,Altamira do Paraná,Armação dos Búzios,Alto do Rodrigues,Ariquemes,Cantá,Alegrete,Alfredo Wagner,Areia Branca,Alambari,Alvorada
Cruzeiro do Sul,Batalha,Atalaia do Norte,Laranjal do Jari,Alagoinhas,Alcântaras,Cruzeiro,Apiacá,,Aloândia,Alto Alegre do Pindaré,Aimorés,Antônio João,Alto Paraguai,Almeirim,Algodão de Jandaíra,Aliança,Altos,Alto Paraná,Arraial do Cabo,Angicos,Buritis,Caracaraí,Alegria,Alto Bela Vista,Barra dos Coqueiros,Alfredo Marcondes,Ananás
Epitaciolândia,Belo Monte,Autazes,Macapá,Alcobaça,Altaneira,Fercal,Aracruz,,Alto Horizonte,Alto Parnaíba,Aiuruoca,Aparecida do Taboado,Alto Taquari,Altamira,Alhandra,Altinho,Alvorada do Gurguéia,Alto Paraíso,Barra Mansa,Antônio Martins,Cabixi,Caroebe,Almirante Tamandaré do Sul,Anchieta,Boquim,Altair,Angico
Feijó,Belém,Barcelos,Mazagão,Almadina,Alto Santo,Gama,Atílio Vivácqua,,Alto Paraíso de Goiás,Amapá do Maranhão,Alagoa,Aquidauana,Apiacás,Anajás,Amparo,Amaraji,Amarante,Alto Piquiri,Barra do Piraí,Apodi,Cacaulândia,Iracema,Alpestre,Angelina,Brejo Grande,Altinópolis,Aparecida do Rio Negro
Jordão,Boca da Mata,Barreirinha,Oiapoque,Amargosa,Amontada,Guará,Baixo Guandu,,Alvorada do Norte,Amarante do Maranhão,Albertina,Aral Moreira,Araguaiana,Ananindeua,Aparecida,Angelim,Angical do Piauí,Altônia,Belford Roxo,Areia Branca,Cacoal,Mucajaí,Alto Alegre,Anita Garibaldi,Campo do Brito,Alto Alegre,Aragominas
Manoel Urbano,Branquinha,Benjamin Constant,Pedra Branca do Amapari,Amélia Rodrigues,Antonina do Norte,Itapoã,Barra de São Francisco,,Amaralina,Anajatuba,Alfenas,Bandeirantes,Araguainha,Anapu,Arara,Araripina,Antônio Almeida,Alvorada do Sul,Bom Jardim,Arês,Campo Novo de Rondônia,Normandia,Alto Feliz,Anitápolis,Canhoba,Alumínio,Araguacema
Marechal Thaumaturgo,Cacimbinhas,Beruri,Porto Grande,América Dourada,Apuiarés,Jardim Botânico,Boa Esperança,,Americano do Brasil,Anapurus,Alfredo Vasconcelos,Bataguassu,Araputanga,Augusto Corrêa,Araruna,Araçoiaba,Anísio de Abreu,Amaporã,Bom Jesus do Itabapoana,Açu,Candeias do Jamari,Pacaraima,Alvorada,Antônio Carlos,Canindé de São Francisco,Alvinlândia,Araguanã
Mâncio Lima,Cajueiro,Boa Vista do Ramos,Pracuúba,Anagé,Aquiraz,Lago Norte,Bom Jesus do Norte,,Amorinópolis,Apicum-Açu,Almenara,Batayporã,Arenápolis,Aurora do Pará,Araçagi,Arcoverde,Aroazes,Ampére,Cabo Frio,Baraúna,Castanheiras,Rorainópolis,Amaral Ferrador,Apiúna,Capela,Americana,Araguatins
Plácido de Castro,Campestre,Boca do Acre,Santana,Andaraí,Aracati,Lago Sul,Brejetuba,,Anhanguera,Araguanã,Alpercata,Bela Vista,Aripuanã,Aveiro,Areia,Barra de Guabiraba,Aroeiras do Itaim,Anahy,Cachoeiras de Macacu,Barcelona,Cerejeiras,São João da Baliza,Ametista do Sul,Arabutã,Carira,Amparo,Araguaçu
Porto Acre,Campo Alegre,Borba,Serra do Navio,Andorinha,Aracoiaba,Núcleo Bandeirante,Cachoeiro de Itapemirim,,Anicuns,Araioses,Alpinópolis,Bodoquena,Barra do Bugres,Bagre,Areia de Baraúnas,Barreiros,Arraial,Andirá,Cambuci,Baía Formosa,Chupinguaia,São Luiz,André da Rocha,Araquari,Carmópolis,Américo Brasiliense,Araguaína
Porto Walter,Campo Grande,Caapiranga,Tartarugalzinho,Angical,Ararendá,Paranoá,Cariacica,,Anápolis,Arame,Alterosa,Bonito,Barra do Garças,Baião,Areial,Belo Jardim,Assunção do Piauí,Antonina,Campos dos Goytacazes,Bento Fernandes,Colorado do Oeste,Uiramutã,Anta Gorda,Araranguá,Cedro de São João,Américo de Campos,Arapoema
Rio Branco,Canapi,Canutama,Vitória do Jari,Anguera,Araripe,Park Way,Castelo,,Aparecida de Goiânia,Arari,Alto Caparaó,Brasilândia,Barão de Melgaço,Bannach,Aroeiras,Belém de Maria,Avelino Lopes,Antônio Olinto,Cantagalo,Bodó,Corumbiara,,Antônio Prado,Armazém,Cristinápolis,Analândia,Arraias
Rodrigues Alves,Capela,Carauari,,Antas,Aratuba,Planaltina,Colatina,,Aparecida do Rio Doce,Axixá,Alto Jequitibá,Caarapó,Bom Jesus do Araguaia,Barcarena,Assunção,Belém do São Francisco,Baixa Grande do Ribeiro,Apucarana,Carapebus,Bom Jesus,Costa Marques,,Arambaré,Arroio Trinta,Cumbe,Andradina,Augustinópolis
Santa Rosa do Purus,Carneiros,Careiro,,Antônio Cardoso,Arneiroz,Recanto das Emas,Conceição da Barra,,Aporé,Açailândia,Alto Rio Doce,Camapuã,Brasnorte,Belterra,Bananeiras,Betânia,Barra D'Alcântara,Arapongas,Cardoso Moreira,Brejinho,Cujubim,,Araricá,Arvoredo,Divina Pastora,Angatuba,Aurora do Tocantins
Sena Madureira,Chã Preta,Careiro da Várzea,,Antônio Gonçalves,Assaré,Riacho Fundo,Conceição do Castelo,,Aragarças,Bacabal,Alvarenga,Campo Grande,Campinápolis,Belém,Baraúna,Bezerros,Barras,Arapoti,Carmo,Caicó,Espigão D'Oeste,,Aratiba,Ascurra,Estância,Anhembi,Axixá do Tocantins
Senador Guiomard,Coité do Nóia,Coari,,Aporá,Aurora,Riacho Fundo II,Divino de São Lourenço,,Aragoiânia,Bacabeira,Alvinópolis,Caracol,Campo Novo do Parecis,Benevides,Barra de Santa Rosa,Bodocó,Barreiras do Piauí,Arapuã,Casimiro de Abreu,Caiçara do Norte,Governador Jorge Teixeira,,Arroio Grande,Atalanta,Feira Nova,Anhumas,Babaçulândia
Tarauacá,Colônia Leopoldina,Codajás,,Apuarema,Baixio,SCIA (Estrutural),Domingos Martins,,Araguapaz,Bacuri,Alvorada de Minas,Cassilândia,Campo Verde,Bom Jesus do Tocantins,Barra de Santana,Bom Conselho,Barro Duro,Araruna,Comendador Levy Gasparian,Caiçara do Rio do Vento,Guajará-Mirim,,Arroio do Meio,Aurora,Frei Paulo,Aparecida,Bandeirantes do Tocantins
Xapuri,Coqueiro Seco,Eirunepé,,Aracatu,Banabuiú,SIA (Setor de Indústria e Abastecimento),Dores do Rio Preto,,Araçu,Bacurituba,Além Paraíba,Chapadão do Sul,Campos de Júlio,Bonito,Barra de São Miguel,Bom Jardim,Batalha,Araucária,Conceição de Macabu,Campo Grande,Itapuã do Oeste,,Arroio do Padre,Balneário Arroio do Silva,Gararu,Aparecida d'Oeste,Barra do Ouro
,Coruripe,Envira,,Araci,Barbalha,Samambaia,Ecoporanga,,Arenópolis,Balsas,Amparo do Serra,Corguinho,Canabrava do Norte,Bragança,Bayeux,Bonito,Bela Vista do Piauí,Ariranha do Ivaí,Cordeiro,Campo Redondo,Jaru,,Arroio do Sal,Balneário Barra do Sul,General Maynard,Apiaí,Barrolândia
,Craíbas,Fonte Boa,,Aramari,Barreira,Santa Maria,Fundão,,Aruanã,Barra do Corda,Andradas,Corumbá,Canarana,Brasil Novo,Baía da Traição,Brejinho,Belém do Piauí,Assaí,Duas Barras,Canguaretama,Ji-Paraná,,Arroio do Tigre,Balneário Camboriú,Gracho Cardoso,Aramina,Bernardo Sayão
,Delmiro Gouveia,Guajará,,Arataca,Barro,Sobradinho,Governador Lindenberg,,Aurilândia,Barreirinhas,Andrelândia,Costa Rica,Carlinda,Brejo Grande do Araguaia,Belém,Brejo da Madre de Deus,Beneditinos,Assis Chateaubriand,Duque de Caxias,Caraúbas,Machadinho D'Oeste,,Arroio dos Ratos,Balneário Gaivota,Ilha das Flores,Arandu,Bom Jesus do Tocantins
,Dois Riachos,Humaitá,,Aratuípe,Barroquinha,Sobradinho II,Guarapari,,Avelinópolis,Barão de Grajaú,Angelândia,Coxim,Castanheira,Breu Branco,Belém do Brejo do Cruz,Brejão,Bertolínia,Astorga,Engenheiro Paulo de Frontin,Carnaubais,Ministro Andreazza,,Arvorezinha,Balneário Piçarras,Indiaroba,Arapeí,Brasilândia do Tocantins
,Estrela de Alagoas,Ipixuna,,Araçás,Baturité,Sol Nascente/Pôr do Sol,Guaçuí,,Baliza,Bela Vista do Maranhão,Antônio Carlos,Deodápolis,Chapada dos Guimarães,Breves,Bernardino Batista,Buenos Aires,Betânia do Piauí,Atalaia,Guapimirim,Carnaúba dos Dantas,Mirante da Serra,,Augusto Pestana,Balneário Rincão,Itabaiana,Araraquara,Brejinho de Nazaré
,Feira Grande,Iranduba,,Aurelino Leal,Beberibe,Sudoeste/Octogonal,Ibatiba,,Barro Alto,Belágua,Antônio Dias,Dois Irmãos do Buriti,Cláudia,Bujaru,Boa Ventura,Buíque,Boa Hora,Balsa Nova,Iguaba Grande,Ceará-Mirim,Monte Negro,,Bagé,Bandeirante,Itabaianinha,Araras,Buriti do Tocantins
,Feliz Deserto,Itacoatiara,,Baianópolis,Bela Cruz,São Sebastião,Ibiraçu,,Bela Vista de Goiás,Benedito Leite,Antônio Prado de Minas,Douradina,Cocalinho,Cachoeira do Arari,Boa Vista,Cabo de Santo Agostinho,Bocaina,Bandeirantes,Itaboraí,Cerro Corá,Nova Brasilândia D'Oeste,,Balneário Pinhal,Barra Bonita,Itabi,Araçariguama,Cachoeirinha
,Flexeiras,Itamarati,,Baixa Grande,Boa Viagem,Taguatinga,Ibitirama,,Bom Jardim de Goiás,Bequimão,Aracitaba,Dourados,Colniza,Cachoeira do Piriá,Bom Jesus,Cabrobó,Bom Jesus,Barbosa Ferraz,Itaguaí,Coronel Ezequiel,Nova Mamoré,,Barra Funda,Barra Velha,Itaporanga d'Ajuda,Araçatuba,Campos Lindos
,Girau do Ponciano,Itapiranga,,Banzaê,Brejo Santo,Varjão,Iconha,,Bom Jesus de Goiás,Bernardo do Mearim,Araguari,Eldorado,Colíder,Cametá,Bom Sucesso,Cachoeirinha,Bom Princípio do Piauí,Barra do Jacaré,Italva,Coronel João Pessoa,Nova União,,Barra do Guarita,Bela Vista do Toldo,Japaratuba,Araçoiaba da Serra,Cariri do Tocantins
,Ibateguara,Japurá,,Barra,Camocim,Vicente Pires,Irupi,,Bonfinópolis,Boa Vista do Gurupi,Arantina,Figueirão,Comodoro,Canaã dos Carajás,Bonito de Santa Fé,Caetés,Bonfim do Piauí,Barracão,Itaocara,Cruzeta,Novo Horizonte do Oeste,,Barra do Quaraí,Belmonte,Japoatã,Arco-Íris,Carmolândia
,Igaci,Juruá,,Barra da Estiva,Campos Sales,Águas Claras,Itaguaçu,,Bonópolis,Bom Jardim,Araponga,Fátima do Sul,Confresa,Capanema,Boqueirão,Calumbi,Boqueirão do Piauí,Bela Vista da Caroba,Itaperuna,Currais Novos,Ouro Preto do Oeste,,Barra do Ribeiro,Benedito Novo,Lagarto,Arealva,Carrasco Bonito
,Igreja Nova,Jutaí,,Barra do Choça,Canindé,,Itapemirim,,Brazabrantes,Bom Jesus das Selvas,Araporã,Glória de Dourados,Conquista D'Oeste,Capitão Poço,Borborema,Calçado,Brasileira,Bela Vista do Paraíso,Itatiaia,Doutor Severiano,Parecis,,Barra do Rio Azul,Biguaçu,Laranjeiras,Areias,Caseara
,Inhapi,Lábrea,,Barra do Mendes,Capistrano,,Itarana,,Britânia,Bom Lugar,Arapuá,Guia Lopes da Laguna,Cotriguaçu,Castanhal,Brejo do Cruz,Camaragibe,Brejo do Piauí,Bituruna,Japeri,Encanto,Pimenta Bueno,,Barracão,Blumenau,Macambira,Areiópolis,Centenário
,Jacaré dos Homens,Manacapuru,,Barra do Rocha,Caridade,,Iúna,,Buriti Alegre,Brejo,Araxá,Iguatemi,Cuiabá,Chaves,Brejo dos Santos,Camocim de São Félix,Buriti dos Lopes,Boa Esperança,Laje do Muriaé,Equador,Pimenteiras do Oeste,,Barros Cassal,Bocaina do Sul,Malhada dos Bois,Ariranha,Chapada da Natividade
,Jacuípe,Manaquiri,,Barreiras,Caririaçu,,Jaguaré,,Buriti de Goiás,Brejo de Areia,Araçaí,Inocência,Curvelândia,Colares,Caaporã,Camutanga,Buriti dos Montes,Boa Esperança do Iguaçu,Macaé,Espírito Santo,Porto Velho,,Barão,Bom Jardim da Serra,Malhador,Artur Nogueira,Chapada de Areia
,Japaratinga,Manaus,,Barro Alto,Cariré,,Jerônimo Monteiro,,Buritinópolis,Buriti,Araçuaí,Itaporã,Cáceres,Conceição do Araguaia,Cabaceiras,Canhotinho,Cabeceiras do Piauí,Boa Ventura de São Roque,Macuco,Extremoz,Presidente Médici,,Barão de Cotegipe,Bom Jesus,Maruim,Arujá,Colinas do Tocantins
,Jaramataia,Manicoré,,Barro Preto,Cariús,,João Neiva,,Cabeceiras,Buriti Bravo,Araújos,Itaquiraí,Denise,Concórdia do Pará,Cabedelo,Capoeiras,Cajazeiras do Piauí,Boa Vista da Aparecida,Magé,Felipe Guerra,Primavera de Rondônia,,Barão do Triunfo,Bom Jesus do Oeste,Moita Bonita,Aspásia,Colméia
,Jequiá da Praia,Maraã,,Barrocas,Carnaubal,,Laranja da Terra,,Cachoeira Alta,Buriticupu,Arceburgo,Ivinhema,Diamantino,Cumaru do Norte,Cachoeira dos Índios,Carnaubeira da Penha,Cajueiro da Praia,Bocaiúva do Sul,Mangaratiba,Fernando Pedroza,Rio Crespo,,Benjamin Constant do Sul,Bom Retiro,Monte Alegre de Sergipe,Assis,Combinado
,Joaquim Gomes,Maués,,Belmonte,Cascavel,,Linhares,,Cachoeira Dourada,Buritirana,Arcos,Japorã,Dom Aquino,Curionópolis,Cacimba de Areia,Carnaíba,Caldeirão Grande do Piauí,Bom Jesus do Sul,Maricá,Florânia,Rolim de Moura,,Bento Gonçalves,Bombinhas,Muribeca,Atibaia,Conceição do Tocantins
,Jundiá,Nhamundá,,Belo Campo,Catarina,,Mantenópolis,,Cachoeira de Goiás,Cachoeira Grande,Areado,Jaraguari,Feliz Natal,Curralinho,Cacimba de Dentro,Carpina,Campinas do Piauí,Bom Sucesso,Mendes,Francisco Dantas,Santa Luzia D'Oeste,,Boa Vista das Missões,Botuverá,Neópolis,Auriflama,Couto Magalhães
,Junqueiro,Nova Olinda do Norte,,Biritinga,Catunda,,Marataízes,,Caiapônia,Cajapió,Argirita,Jardim,Figueirópolis D'Oeste,Curuá,Cacimbas,Caruaru,Campo Alegre do Fidalgo,Bom Sucesso do Sul,Mesquita,Frutuoso Gomes,Seringueiras,,Boa Vista do Buricá,Braço do Norte,Nossa Senhora Aparecida,Avanhandava,Cristalândia
,Lagoa da Canoa,Novo Airão,,Boa Nova,Caucaia,,Marechal Floriano,,Caldas Novas,Cajari,Aricanduva,Jateí,Gaúcha do Norte,Curuçá,Caiçara,Casinhas,Campo Grande do Piauí,Borrazópolis,Miguel Pereira,Galinhos,São Felipe D'Oeste,,Boa Vista do Cadeado,Braço do Trombudo,Nossa Senhora da Glória,Avaré,Crixás do Tocantins
,Limoeiro de Anadia,Novo Aripuanã,,Boa Vista do Tupim,Cedro,,Marilândia,,Caldazinha,Campestre do Maranhão,Arinos,Juti,General Carneiro,Dom Eliseu,Cajazeiras,Catende,Campo Largo do Piauí,Braganey,Miracema,Goianinha,São Francisco do Guaporé,,Boa Vista do Incra,Brunópolis,Nossa Senhora das Dores,Avaí,Darcinópolis
,Maceió,Parintins,,Bom Jesus da Lapa,Chaval,,Mimoso do Sul,,Campestre de Goiás,Cantanhede,Astolfo Dutra,Ladário,Glória D'Oeste,Eldorado do Carajás,Cajazeirinhas,Cedro,Campo Maior,Brasilândia do Sul,Natividade,Governador Dix-Sept Rosado,São Miguel do Guaporé,,Boa Vista do Sul,Brusque,Nossa Senhora de Lourdes,Bady Bassitt,Dianópolis
,Major Isidoro,Pauini,,Bom Jesus da Serra,Chorozinho,,Montanha,,Campinaçu,Capinzal do Norte,Ataléia,Laguna Carapã,Guarantã do Norte,Faro,Caldas Brandão,Chã Grande,Canavieira,Cafeara,Nilópolis,Grossos,Teixeirópolis,,Bom Jesus,Caibi,Nossa Senhora do Socorro,Balbinos,Divinópolis do Tocantins
,Mar Vermelho,Presidente Figueiredo,,Boninal,Choró,,Mucurici,,Campinorte,Carolina,Augusto de Lima,Maracaju,Guiratinga,Floresta do Araguaia,Camalaú,Chã de Alegria,Canto do Buriti,Cafelândia,Niterói,Guamaré,Theobroma,,Bom Princípio,Calmon,Pacatuba,Bananal,Dois Irmãos do Tocantins
,Maragogi,Rio Preto da Eva,,Bonito,Coreaú,,Muniz Freire,,Campo Alegre de Goiás,Carutapera,Açucena,Miranda,Indiavaí,Garrafão do Norte,Campina Grande,Condado,Capitão Gervásio Oliveira,Cafezal do Sul,Nova Friburgo,Ielmo Marinho,Urupá,,Bom Progresso,Camboriú,Pedra Mole,Barbosa,Dueré
,Maravilha,Santa Isabel do Rio Negro,,Boquira,Crateús,,Muqui,,Campo Limpo de Goiás,Caxias,Baependi,Mundo Novo,Ipiranga do Norte,Goianésia do Pará,Capim,Correntes,Capitão de Campos,Califórnia,Nova Iguaçu,Ipanguaçu,Vale do Anari,,Bom Retiro do Sul,Campo Alegre,Pedrinhas,Bariri,Esperantina
,Marechal Deodoro,Santo Antônio do Içá,,Botuporã,Crato,,Nova Venécia,,Campos Belos,Cedral,Baldim,Naviraí,Itanhangá,Gurupá,Caraúbas,Cortês,Caracol,Cambará,Paracambi,Ipueira,Vale do Paraíso,,Boqueirão do Leão,Campo Belo do Sul,Pinhão,Barra Bonita,Figueirópolis
,Maribondo,Silves,,Brejolândia,Croatá,,Pancas,,Campos Verdes,Central do Maranhão,Bambuí,Nioaque,Itaúba,Igarapé-Açu,Carrapateira,Cumaru,Caraúbas do Piauí,Cambira,Paraty,Itajá,Vilhena,,Bossoroca,Campo Erê,Pirambu,Barra do Chapéu,Filadélfia
,Mata Grande,São Gabriel da Cachoeira,,Brejões,Cruz,,Pedro Canário,,Carmo do Rio Verde,Centro Novo do Maranhão,Bandeira,Nova Alvorada do Sul,Itiquira,Igarapé-Miri,Casserengue,Cupira,Caridade do Piauí,Cambé,Paraíba do Sul,Itaú,,,Bozano,Campos Novos,Porto da Folha,Barra do Turvo,Formoso do Araguaia
,Matriz de Camaragibe,São Paulo de Olivença,,Brotas de Macaúbas,Deputado Irapuan Pinheiro,,Pinheiros,,Castelândia,Centro do Guilherme,Bandeira do Sul,Nova Andradina,Jaciara,Inhangapi,Catingueira,Custódia,Castelo do Piauí,Campina Grande do Sul,Paty do Alferes,Jandaíra,,,Braga,Canelinha,Poço Redondo,Barretos,Fátima
,Messias,São Sebastião do Uatumã,,Brumado,Ereré,,Piúma,,Catalão,Chapadinha,Barbacena,Novo Horizonte do Sul,Jangada,Ipixuna do Pará,Catolé do Rocha,Dormentes,Caxingó,Campina da Lagoa,Petrópolis,Janduís,,,Brochier,Canoinhas,Poço Verde,Barrinha,Goianorte
,Minador do Negrão,Tabatinga,,Buerarema,Eusébio,,Ponto Belo,,Caturaí,Cidelândia,Barra Longa,Paranaíba,Jauru,Irituia,Caturité,Escada,Cocal,Campina do Simão,Pinheiral,Januário Cicco,,,Butiá,Capinzal,Propriá,Barueri,Goiatins
,Monteirópolis,Tapauá,,Buritirama,Farias Brito,,Presidente Kennedy,,Cavalcante,Codó,Barroso,Paranhos,Juara,Itaituba,Conceição,Exu,Cocal de Telha,Campo Bonito,Piraí,Japi,,,Cacequi,Capivari de Baixo,Riachuelo,Barão de Antonina,Guaraí
,Murici,Tefé,,Caatiba,Forquilha,,Rio Bananal,,Caçu,Coelho Neto,Barão de Cocais,Paraíso das Águas,Juruena,Itupiranga,Condado,Feira Nova,Cocal dos Alves,Campo Largo,Porciúncula,Jardim de Angicos,,,Cachoeira do Sul,Capão Alto,Riachão do Dantas,Bastos,Gurupi
,Novo Lino,Tonantins,,Cabaceiras do Paraguaçu,Fortaleza,,Rio Novo do Sul,,Ceres,Colinas,Barão de Monte Alto,Pedro Gomes,Juscimeira,Jacareacanga,Conde,Fernando de Noronha,Coivaras,Campo Magro,Porto Real,Jardim de Piranhas,,,Cachoeirinha,Catanduvas,Ribeirópolis,Batatais,Ipueiras
,Olho d'Água Grande,Uarini,,Cachoeira,Fortim,,Santa Leopoldina,,Cezarina,Conceição do Lago-Açu,Bela Vista de Minas,Ponta Porã,Juína,Jacundá,Congo,Ferreiros,Colônia do Gurguéia,Campo Mourão,Quatis,Jardim do Seridó,,,Cacique Doble,Caxambu do Sul,Rosário do Catete,Bauru,Itacajá
,Olho d'Água das Flores,Urucará,,Caculé,Frecheirinha,,Santa Maria de Jetibá,,Chapadão do Céu,Coroatá,Belmiro Braga,Porto Murtinho,Lambari D'Oeste,Juruti,Coremas,Flores,Colônia do Piauí,Campo do Tenente,Queimados,Jaçanã,,,Caibaté,Caçador,Salgado,Bebedouro,Itaguatins
,Olho d'Água do Casado,Urucurituba,,Caetanos,General Sampaio,,Santa Teresa,,Cidade Ocidental,Cururupu,Belo Horizonte,Ribas do Rio Pardo,Lucas do Rio Verde,Limoeiro do Ajuru,Coxixola,Floresta,Conceição do Canindé,Candói,Quissamã,José da Penha,,,Caiçara,Celso Ramos,Santa Luzia do Itanhy,Bento de Abreu,Itapiratins
,Olivença,,,Caetité,Granja,,Serra,,Cocalzinho de Goiás,Cândido Mendes,Belo Oriente,Rio Brilhante,Luciara,Magalhães Barata,Cruz do Espírito Santo,Frei Miguelinho,Coronel José Dias,Cantagalo,Resende,João Câmara,,,Camaquã,Cerro Negro,Santa Rosa de Lima,Bernardino de Campos,Itaporã do Tocantins
,Ouro Branco,,,Cafarnaum,Granjeiro,,Sooretama,,Colinas do Sul,Davinópolis,Belo Vale,Rio Negro,Marcelândia,Marabá,Cubati,Gameleira,Corrente,Capanema,Rio Bonito,João Dias,,,Camargo,Chapadão do Lageado,Santana do São Francisco,Bertioga,Jaú do Tocantins
,Palestina,,,Cairu,Graça,,São Domingos do Norte,,Corumbaíba,Dom Pedro,Berilo,Rio Verde de Mato Grosso,Matupá,Maracanã,Cuitegi,Garanhuns,Cristalândia do Piauí,Capitão Leônidas Marques,Rio Claro,Jucurutu,,,Cambará do Sul,Chapecó,Santo Amaro das Brotas,Bilac,Juarina
,Palmeira dos Índios,,,Caldeirão Grande,Groaíras,,São Gabriel da Palha,,Corumbá de Goiás,Duque Bacelar,Berizal,Rochedo,Mirassol d'Oeste,Marapanim,Cuité,Glória do Goitá,Cristino Castro,Carambeí,Rio das Flores,Jundiá,,,Campestre da Serra,Cocal do Sul,Simão Dias,Birigui,Lagoa da Confusão
,Pariconha,,,Camacan,Guaiúba,,São José do Calçado,,Cristalina,Esperantinópolis,Bertópolis,Santa Rita do Pardo,Nobres,Marituba,Cuité de Mamanguape,Goiana,Curimatá,Carlópolis,Rio das Ostras,Lagoa Nova,,,Campina das Missões,Concórdia,Siriri,Biritiba Mirim,Lagoa do Tocantins
,Paripueira,,,Camamu,Guaraciaba do Norte,,São Mateus,,Cristianópolis,Estreito,Betim,Selvíria,Nortelândia,Medicilândia,Curral Velho,Granito,Currais,Cascavel,Rio de Janeiro,Lagoa Salgada,,,Campinas do Sul,Cordilheira Alta,São Cristóvão,Boa Esperança do Sul,Lajeado
,Passo de Camaragibe,,,Camaçari,Guaramiranga,,São Roque do Canaã,,Crixás,Feira Nova do Maranhão,Bias Fortes,Sete Quedas,Nossa Senhora do Livramento,Melgaço,Curral de Cima,Gravatá,Curral Novo do Piauí,Castro,Santa Maria Madalena,Lagoa d'Anta,,,Campo Bom,Coronel Freitas,São Domingos,Bocaina,Lavandeira
,Paulo Jacinto,,,Campo Alegre de Lourdes,Hidrolândia,,Vargem Alta,,Cromínia,Fernando Falcão,Bicas,Sidrolândia,Nova Bandeirantes,Mocajuba,Damião,Iati,Curralinhos,Catanduvas,Santo Antônio de Pádua,Lagoa de Pedras,,,Campo Novo,Coronel Martins,São Francisco,Bofete,Lizarda
,Penedo,,,Campo Formoso,Horizonte,,Venda Nova do Imigrante,,Cumari,Formosa da Serra Negra,Biquinhas,Sonora,Nova Brasilândia,Moju,Desterro,Ibimirim,Demerval Lobão,Centenário do Sul,Sapucaia,Lagoa de Velhos,,,Campos Borges,Correia Pinto,São Miguel do Aleixo,Boituva,Luzinópolis
,Piaçabuçu,,,Canarana,Ibaretama,,Viana,,Córrego do Ouro,Fortaleza dos Nogueiras,Boa Esperança,São Gabriel do Oeste,Nova Canaã do Norte,Mojuí dos Campos,Diamante,Ibirajuba,Dirceu Arcoverde,Cerro Azul,Saquarema,Lajes,,,Candelária,Corupá,Telha,Bom Jesus dos Perdões,Marianópolis do Tocantins
,Pilar,,,Canavieiras,Ibiapina,,Vila Pavão,,Damianópolis,Fortuna,Bocaina de Minas,Tacuru,Nova Guarita,Monte Alegre,Dona Inês,Igarassu,Dom Expedito Lopes,Chopinzinho,Seropédica,Lajes Pintadas,,,Candiota,Criciúma,Tobias Barreto,Bom Sucesso de Itararé,Mateiros
,Pindoba,,,Candeal,Ibicuitinga,,Vila Valério,,Damolândia,Godofredo Viana,Bocaiúva,Taquarussu,Nova Lacerda,Muaná,Duas Estradas,Iguaracy,Dom Inocêncio,Cianorte,Silva Jardim,Lucrécia,,,Canela,Cunha Porã,Tomar do Geru,Boracéia,Maurilândia do Tocantins
,Piranhas,,,Candeias,Icapuí,,Vila Velha,,Davinópolis,Gonçalves Dias,Bom Despacho,Terenos,Nova Marilândia,Mãe do Rio,Emas,Ilha de Itamaracá,Domingos Mourão,Cidade Gaúcha,Sumidouro,Luís Gomes,,,Canguçu,Cunhataí,Umbaúba,Borborema,Miracema do Tocantins
,Porto Calvo,,,Candiba,Icó,,Vitória,,Diorama,Governador Archer,Bom Jardim de Minas,Três Lagoas,Nova Maringá,Nova Esperança do Piriá,Esperança,Inajá,Elesbão Veloso,Clevelândia,São Fidélis,Macau,,,Canoas,Curitibanos,,Borebi,Miranorte
,Porto Real do Colégio,,,Cansanção,Iguatu,,Água Doce do Norte,,Divinópolis de Goiás,Governador Edison Lobão,Bom Jesus da Penha,Vicentina,Nova Monte Verde,Nova Ipixuna,Fagundes,Ingazeira,Eliseu Martins,Colombo,São Francisco de Itabapoana,Macaíba,,,Canudos do Vale,Descanso,,Borá,Monte Santo do Tocantins
,Porto de Pedras,,,Canudos,Independência,,Águia Branca,,Doverlândia,Governador Eugênio Barros,Bom Jesus do Amparo,Água Clara,Nova Mutum,Nova Timboteua,Frei Martinho,Ipojuca,Esperantina,Colorado,São Gonçalo,Major Sales,,,Capela de Santana,Dionísio Cerqueira,,Botucatu,Monte do Carmo
,Poço das Trincheiras,,,Canápolis,Ipaporanga,,,,Edealina,Governador Luiz Rocha,Bom Jesus do Galho,,Nova Nazaré,Novo Progresso,Gado Bravo,Ipubi,Fartura do Piauí,Congonhinhas,São José de Ubá,Marcelino Vieira,,,Capitão,Dona Emma,,Bragança Paulista,Muricilândia
,Pão de Açúcar,,,Capela do Alto Alegre,Ipaumirim,,,,Edéia,Governador Newton Bello,Bom Repouso,,Nova Olímpia,Novo Repartimento,Guarabira,Itacuruba,Flores do Piauí,Conselheiro Mairinck,São José do Vale do Rio Preto,Martins,,,Capivari do Sul,Doutor Pedrinho,,Braúna,Natividade
,Quebrangulo,,,Capim Grosso,Ipu,,,,Estrela do Norte,Governador Nunes Freire,Bom Sucesso,,Nova Santa Helena,Oeiras do Pará,Gurinhém,Itambé,Floresta do Piauí,Contenda,São João da Barra,Maxaranguape,,,Capão Bonito do Sul,Entre Rios,,Brejo Alegre,Nazaré
,Rio Largo,,,Caravelas,Ipueiras,,,,Faina,Grajaú,Bonfim,,Nova Ubiratã,Oriximiná,Gurjão,Itapetim,Floriano,Corbélia,São João de Meriti,Messias Targino,,,Capão da Canoa,Ermo,,Brodowski,Nova Olinda
,Roteiro,,,Caraíbas,Iracema,,,,Fazenda Nova,Graça Aranha,Bonfinópolis de Minas,,Nova Xavantina,Ourilândia do Norte,Ibiara,Itapissuma,Francinópolis,Cornélio Procópio,São Pedro da Aldeia,Montanhas,,,Capão do Cipó,Erval Velho,,Brotas,Nova Rosalândia
,Santa Luzia do Norte,,,Cardeal da Silva,Irauçuba,,,,Firminópolis,Guimarães,Bonito de Minas,,Novo Horizonte do Norte,Ourém,Igaracy,Itaquitinga,Francisco Ayres,Coronel Domingos Soares,São Sebastião do Alto,Monte Alegre,,,Capão do Leão,Faxinal dos Guedes,,Buri,Novo Acordo
,Santana do Ipanema,,,Carinhanha,Itaitinga,,,,Flores de Goiás,Humberto de Campos,Borda da Mata,,Novo Mundo,Pacajá,Imaculada,Itaíba,Francisco Macedo,Coronel Vivida,Tanguá,Monte das Gameleiras,,,Carazinho,Flor do Sertão,,Buritama,Novo Alegre
,Santana do Mundaú,,,Casa Nova,Itaiçaba,,,,Formosa,Icatu,Botelhos,,Novo Santo Antônio,Palestina do Pará,Ingá,Jaboatão dos Guararapes,Francisco Santos,Corumbataí do Sul,Teresópolis,Mossoró,,,Caraá,Florianópolis,,Buritizal,Novo Jardim
,Satuba,,,Castro Alves,Itapajé,,,,Formoso,Igarapé Grande,Botumirim,,Novo São Joaquim,Paragominas,Itabaiana,Jaqueira,Fronteiras,Cruz Machado,Trajano de Moraes,Natal,,,Carlos Barbosa,Formosa do Sul,,Bálsamo,Oliveira de Fátima
,Senador Rui Palmeira,,,Catolândia,Itapipoca,,,,Gameleira de Goiás,Igarapé do Meio,Brasilândia de Minas,,Paranatinga,Parauapebas,Itaporanga,Jataúba,Geminiano,Cruzeiro do Iguaçu,Três Rios,Nova Cruz,,,Carlos Gomes,Forquilhinha,,Cabreúva,Palmas
,São Brás,,,Catu,Itapiúna,,,,Goiandira,Imperatriz,Brasília de Minas,,Paranaíta,Pau D'Arco,Itapororoca,Jatobá,Gilbués,Cruzeiro do Oeste,Valença,Nísia Floresta,,,Casca,Fraiburgo,,Cabrália Paulista,Palmeirante
,São José da Laje,,,Caturama,Itarema,,,,Goianira,Itaipava do Grajaú,Brazópolis,,Pedra Preta,Peixe-Boi,Itatuba,Joaquim Nabuco,Guadalupe,Cruzeiro do Sul,Varre-Sai,Olho d'Água do Borges,,,Caseiros,Frei Rogério,,Cachoeira Paulista,Palmeiras do Tocantins
,São José da Tapera,,,Caém,Itatira,,,,Goianápolis,Itapecuru Mirim,Braúnas,,Peixoto de Azevedo,Piçarra,Jacaraú,João Alfredo,Guaribas,Cruzmaltina,Vassouras,Ouro Branco,,,Catuípe,Galvão,,Caconde,Palmeirópolis
,São Luís do Quitunde,,,Central,Jaguaretama,,,,Goianésia,Itinga do Maranhão,Brumadinho,,Planalto da Serra,Placas,Jericó,Jucati,Hugo Napoleão,Curitiba,Volta Redonda,Paraná,,,Caxias do Sul,Garopaba,,Cafelândia,Paranã
,São Miguel dos Campos,,,Chorrochó,Jaguaribara,,,,Goiatuba,Jatobá,Brás Pires,,Poconé,Ponta de Pedras,Joca Claudino,Jupi,Ilha Grande,Curiúva,,Parazinho,,,Caçapava do Sul,Garuva,,Caiabu,Paraíso do Tocantins
,São Miguel dos Milagres,,,Cipó,Jaguaribe,,,,Goiás,Jenipapo dos Vieiras,Bueno Brandão,,Pontal do Araguaia,Portel,João Pessoa,Jurema,Inhuma,Cândido de Abreu,,Paraú,,,Centenário,Gaspar,,Caieiras,Pau D'Arco
,São Sebastião,,,Coaraci,Jaguaruana,,,,Goiânia,Joselândia,Buenópolis,,Ponte Branca,Porto de Moz,Juarez Távora,Lagoa Grande,Ipiranga do Piauí,Céu Azul,,Parelhas,,,Cerrito,Governador Celso Ramos,,Caiuá,Pedro Afonso
,Tanque d'Arca,,,Cocos,Jardim,,,,Gouvelândia,João Lisboa,Bugre,,Pontes e Lacerda,Prainha,Juazeirinho,Lagoa de Itaenga,Isaías Coelho,Diamante D'Oeste,,Parnamirim,,,Cerro Branco,Gravatal,,Cajamar,Peixe
,Taquarana,,,Conceição da Feira,Jati,,,,Guapó,Junco do Maranhão,Buritis,,Porto Alegre do Norte,Primavera,Junco do Seridó,Lagoa do Carro,Itainópolis,Diamante do Norte,,Passa e Fica,,,Cerro Grande,Grão-Pará,,Cajati,Pequizeiro
,Teotônio Vilela,,,Conceição do Almeida,Jijoca de Jericoacoara,,,,Guarani de Goiás,Lago Verde,Buritizeiro,,Porto Esperidião,Quatipuru,Juripiranga,Lagoa do Ouro,Itaueira,Diamante do Sul,,Passagem,,,Cerro Grande do Sul,Guabiruba,,Cajobi,Pindorama do Tocantins
,Traipu,,,Conceição do Coité,Juazeiro do Norte,,,,Guaraíta,Lago da Pedra,Cabeceira Grande,,Porto Estrela,Redenção,Juru,Lagoa dos Gatos,Jacobina do Piauí,Dois Vizinhos,,Patu,,,Cerro Largo,Guaraciaba,,Cajuru,Piraquê
,União dos Palmares,,,Conceição do Jacuípe,Jucás,,,,Guarinos,Lago do Junco,Cabo Verde,,Porto dos Gaúchos,Rio Maria,Lagoa,Lajedo,Jaicós,Douradina,,Pau dos Ferros,,,Chapada,Guaramirim,,Campina do Monte Alegre,Pium
,Viçosa,,,Conde,Lavras da Mangabeira,,,,Heitoraí,Lago dos Rodrigues,Cachoeira Dourada,,Poxoréu,Rondon do Pará,Lagoa Seca,Limoeiro,Jardim do Mulato,Doutor Camargo,,Pedra Grande,,,Charqueadas,Guarujá do Sul,,Campinas,Ponte Alta do Bom Jesus
,Água Branca,,,Condeúba,Limoeiro do Norte,,,,Hidrolina,Lagoa Grande do Maranhão,Cachoeira da Prata,,Primavera do Leste,Rurópolis,Lagoa de Dentro,Macaparana,Jatobá do Piauí,Doutor Ulysses,,Pedra Preta,,,Charrua,Guatambú,,Campo Limpo Paulista,Ponte Alta do Tocantins
,,,,Contendas do Sincorá,Madalena,,,,Hidrolândia,Lagoa do Mato,Cachoeira de Minas,,Querência,Salinópolis,Lastro,Machados,Jerumenha,Engenheiro Beltrão,,Pedro Avelino,,,Chiapetta,Herval d'Oeste,,Campos Novos Paulista,Porto Alegre do Tocantins
,,,,Coração de Maria,Maracanaú,,,,Iaciara,Lajeado Novo,Cachoeira de Pajeú,,Reserva do Cabaçal,Salvaterra,Livramento,Manari,Joaquim Pires,Entre Rios do Oeste,,Pedro Velho,,,Chuvisca,Ibiam,,Campos do Jordão,Porto Nacional
,,,,Cordeiros,Maranguape,,,,Inaciolândia,Lima Campos,Caetanópolis,,Ribeirão Cascalheira,Santa Bárbara do Pará,Logradouro,Maraial,Joca Marques,Enéas Marques,,Pendências,,,Chuí,Ibicaré,,Cananéia,Praia Norte
,,,,Coribe,Marco,,,,Indiara,Loreto,Caeté,,Ribeirãozinho,Santa Cruz do Arari,Lucena,Mirandiba,José de Freitas,Esperança Nova,,Pilões,,,Cidreira,Ibirama,,Canas,Presidente Kennedy
,,,,Coronel João Sá,Martinópole,,,,Inhumas,Luís Domingues,Caiana,,Rio Branco,Santa Izabel do Pará,Malta,Moreilândia,João Costa,Espigão Alto do Iguaçu,,Portalegre,,,Ciríaco,Ilhota,,Canitar,Pugmil
,,,,Correntina,Massapê,,,,Ipameri,Magalhães de Almeida,Cajuri,,Rondolândia,Santa Luzia do Pará,Mamanguape,Moreno,Juazeiro do Piauí,Farol,,Porto do Mangue,,,Colinas,Imaruí,,Capela do Alto,Recursolândia
,,,,Cotegipe,Mauriti,,,,Ipiranga de Goiás,Maracaçumé,Caldas,,Rondonópolis,Santa Maria das Barreiras,Manaíra,Nazaré da Mata,Jurema,Faxinal,,Poço Branco,,,Colorado,Imbituba,,Capivari,Riachinho
,,,,Cravolândia,Meruoca,,,,Iporá,Marajá do Sena,Camacho,,Rosário Oeste,Santa Maria do Pará,Marcação,Olinda,Júlio Borges,Fazenda Rio Grande,,Pureza,,,Condor,Imbuia,,Capão Bonito,Rio Sono
,,,,Cristópolis,Milagres,,,,Israelândia,Maranhãozinho,Camanducaia,,Salto do Céu,Santana do Araguaia,Mari,Orobó,Lagoa Alegre,Fernandes Pinheiro,,Rafael Fernandes,,,Constantina,Indaial,,Caraguatatuba,Rio da Conceição
,,,,Crisópolis,Milhã,,,,Itaberaí,Mata Roma,Cambuquira,,Santa Carmem,Santarém,Marizópolis,Orocó,Lagoa de São Francisco,Figueira,,Rafael Godeiro,,,Coqueiro Baixo,Iomerê,,Carapicuíba,Rio dos Bois
,,,,Cruz das Almas,Miraíma,,,,Itaguari,Matinha,Cambuí,,Santa Cruz do Xingu,Santarém Novo,Massaranduba,Ouricuri,Lagoa do Barro do Piauí,Flor da Serra do Sul,,Riacho da Cruz,,,Coqueiros do Sul,Ipira,,Cardoso,Sampaio
,,,,Curaçá,Missão Velha,,,,Itaguaru,Matões,Campanha,,Santa Rita do Trivelato,Santo Antônio do Tauá,Mataraca,Palmares,Lagoa do Piauí,Floraí,,Riacho de Santana,,,Coronel Barros,Iporã do Oeste,,Casa Branca,Sandolândia
,,,,Cândido Sales,Mombaça,,,,Itajá,Matões do Norte,Campanário,,Santa Terezinha,Sapucaia,Matinhas,Palmeirina,Lagoa do Sítio,Floresta,,Riachuelo,,,Coronel Bicaco,Ipuaçu,,Castilho,Santa Fé do Araguaia
,,,,Cícero Dantas,Monsenhor Tabosa,,,,Itapaci,Milagres do Maranhão,Campestre,,Santo Afonso,Senador José Porfírio,Mato Grosso,Panelas,Lagoinha do Piauí,Florestópolis,,Rio do Fogo,,,Coronel Pilar,Ipumirim,,Catanduva,Santa Maria do Tocantins
,,,,Dias d'Ávila,Morada Nova,,,,Itapirapuã,Mirador,Campina Verde,,Santo Antônio do Leste,Soure,Maturéia,Paranatama,Landri Sales,Flórida,,Rodolfo Fernandes,,,Cotiporã,Iraceminha,,Catiguá,Santa Rita do Tocantins
,,,,Dom Basílio,Moraújo,,,,Itapuranga,Miranda do Norte,Campo Azul,,Santo Antônio do Leverger,São Caetano de Odivelas,Mogeiro,Parnamirim,Luzilândia,Formosa do Oeste,,Ruy Barbosa,,,Coxilha,Irani,,Caçapava,Santa Rosa do Tocantins
,,,,Dom Macedo Costa,Morrinhos,,,,Itarumã,Mirinzal,Campo Belo,,Sapezal,São Domingos do Araguaia,Montadas,Passira,Luís Correia,Foz do Iguaçu,,Santa Cruz,,,Crissiumal,Irati,,Cedral,Santa Tereza do Tocantins
,,,,Dário Meira,Mucambo,,,,Itauçu,Montes Altos,Campo Florido,,Serra Nova Dourada,São Domingos do Capim,Monte Horebe,Paudalho,Madeiro,Foz do Jordão,,Santa Maria,,,Cristal,Irineópolis,,Cerqueira César,Santa Terezinha do Tocantins
,,,,Elísio Medrado,Mulungu,,,,Itumbiara,Monção,Campo do Meio,,Sinop,São Francisco do Pará,Monteiro,Paulista,Manoel Emídio,Francisco Alves,,Santana do Matos,,,Cristal do Sul,Itaiópolis,,Cerquilho,Silvanópolis
,,,,Encruzilhada,Nova Olinda,,,,Ivolândia,Morros,Campos Altos,,Sorriso,São Félix do Xingu,Mulungu,Pedra,Marcolândia,Francisco Beltrão,,Santana do Seridó,,,Cruz Alta,Itajaí,,Cesário Lange,Sucupira
,,,,Entre Rios,Nova Russas,,,,Jandaia,Nina Rodrigues,Campos Gerais,,São Félix do Araguaia,São Geraldo do Araguaia,Mãe d'Água,Pesqueira,Marcos Parente,Fênix,,Santo Antônio,,,Cruzaltense,Itapema,,Charqueada,São Bento do Tocantins
,,,,Esplanada,Novo Oriente,,,,Jaraguá,Nova Colinas,Cana Verde,,São José do Povo,São João da Ponta,Natuba,Petrolina,Massapê do Piauí,General Carneiro,,Senador Elói de Souza,,,Cruzeiro do Sul,Itapiranga,,Chavantes,São Félix do Tocantins
,,,,Euclides da Cunha,Ocara,,,,Jataí,Nova Iorque,Canaã,,São José do Rio Claro,São João de Pirabas,Nazarezinho,Petrolândia,Matias Olímpio,Godoy Moreira,,Senador Georgino Avelino,,,Cândido Godói,Itapoá,,Clementina,São Miguel do Tocantins
,,,,Eunápolis,Orós,,,,Jaupaci,Nova Olinda do Maranhão,Candeias,,São José do Xingu,São João do Araguaia,Nova Floresta,Pombos,Miguel Alves,Goioerê,,Serra Caiada,,,David Canabarro,Ituporanga,,Colina,São Salvador do Tocantins
,,,,Feira da Mata,Pacajus,,,,Jesúpolis,Olho d'Água das Cunhãs,Cantagalo,,São José dos Quatro Marcos,São Miguel do Guamá,Nova Olinda,Poção,Miguel Leão,Goioxim,,Serra Negra do Norte,,,Derrubadas,Itá,,Colômbia,São Sebastião do Tocantins
,,,,Feira de Santana,Pacatuba,,,,Joviânia,Olinda Nova do Maranhão,Canápolis,,São Pedro da Cipa,São Sebastião da Boa Vista,Nova Palmeira,Primavera,Milton Brandão,Grandes Rios,,Serra de São Bento,,,Dezesseis de Novembro,Içara,,Conchal,São Valério
,,,,Filadélfia,Pacoti,,,,Jussara,Palmeirândia,Caparaó,,Tabaporã,Tailândia,Olho d'Água,Quipapá,Monsenhor Gil,Guairaçá,,Serra do Mel,,,Dilermando de Aguiar,Jaborá,,Conchas,Sítio Novo do Tocantins
,,,,Firmino Alves,Pacujá,,,,Lagoa Santa,Paraibano,Capela Nova,,Tangará da Serra,Terra Alta,Olivedos,Quixaba,Monsenhor Hipólito,Guamiranga,,Serrinha,,,Dois Irmãos,Jacinto Machado,,Cordeirópolis,Tabocão
,,,,Floresta Azul,Palhano,,,,Leopoldo de Bulhões,Parnarama,Capelinha,,Tapurah,Terra Santa,Ouro Velho,Recife,Monte Alegre do Piauí,Guapirama,,Serrinha dos Pintos,,,Dois Irmãos das Missões,Jaguaruna,,Coroados,Taguatinga
,,,,Formosa do Rio Preto,Palmácia,,,,Luziânia,Passagem Franca,Capetinga,,Terra Nova do Norte,Tomé-Açu,Parari,Riacho das Almas,Morro Cabeça no Tempo,Guaporema,,Severiano Melo,,,Dois Lajeados,Jaraguá do Sul,,Coronel Macedo,Taipas do Tocantins
,,,,Fátima,Paracuru,,,,Mairipotaba,Pastos Bons,Capim Branco,,Tesouro,Tracuateua,Passagem,Ribeirão,Morro do Chapéu do Piauí,Guaraci,,São Bento do Norte,,,Dom Feliciano,Jardinópolis,,Corumbataí,Talismã
,,,,Gandu,Paraipaba,,,,Mambaí,Paulino Neves,Capinópolis,,Torixoréu,Trairão,Patos,Rio Formoso,Murici dos Portelas,Guaraniaçu,,São Bento do Trairí,,,Dom Pedrito,Joaçaba,,Cosmorama,Tocantinópolis
,,,,Gavião,Parambu,,,,Mara Rosa,Paulo Ramos,Capitão Andrade,,União do Sul,Tucumã,Paulista,Sairé,Nazaré do Piauí,Guarapuava,,São Fernando,,,Dom Pedro de Alcântara,Joinville,,Cosmópolis,Tocantínia
,,,,Gentio do Ouro,Paramoti,,,,Marzagão,Paço do Lumiar,Capitão Enéas,,Vale de São Domingos,Tucuruí,Pedra Branca,Salgadinho,Nazária,Guaraqueçaba,,São Francisco do Oeste,,,Dona Francisca,José Boiteux,,Cotia,Tupirama
,,,,Glória,Pedra Branca,,,,Matrinchã,Pedreiras,Capitólio,,Vera,Ulianópolis,Pedra Lavrada,Salgueiro,Nossa Senhora de Nazaré,Guaratuba,,São Gonçalo do Amarante,,,Doutor Maurício Cardoso,Jupiá,,Cravinhos,Tupiratins
,,,,Gongogi,Penaforte,,,,Maurilândia,Pedro do Rosário,Caputira,,Vila Bela da Santíssima Trindade,Uruará,Pedras de Fogo,Saloá,Nossa Senhora dos Remédios,Guaíra,,São José de Mipibu,,,Doutor Ricardo,Lacerdópolis,,Cristais Paulista,Wanderlândia
,,,,Governador Mangabeira,Pentecoste,,,,Mimoso de Goiás,Penalva,Caranaíba,,Vila Rica,Vigia,Pedro Régis,Sanharó,Nova Santa Rita,Honório Serpa,,São José do Campestre,,,Eldorado do Sul,Lages,,Cruzeiro,Xambioá
,,,,Guajeru,Pereiro,,,,Minaçu,Peri Mirim,Carandaí,,Várzea Grande,Viseu,Piancó,Santa Cruz,Novo Oriente do Piauí,Ibaiti,,São José do Seridó,,,Encantado,Laguna,,Cruzália,
,,,,Guanambi,Pindoretama,,,,Mineiros,Peritoró,Carangola,,Água Boa,Vitória do Xingu,Picuí,Santa Cruz da Baixa Verde,Novo Santo Antônio,Ibema,,São João do Sabugi,,,Encruzilhada do Sul,Lajeado Grande,,Cubatão,
,,,,Guaratinga,Piquet Carneiro,,,,Moiporá,Pindaré-Mirim,Caratinga,,,Xinguara,Pilar,Santa Cruz do Capibaribe,Oeiras,Ibiporã,,São Miguel,,,Engenho Velho,Laurentino,,Cunha,
,,,,Heliópolis,Pires Ferreira,,,,Monte Alegre de Goiás,Pinheiro,Caraí,,,Água Azul do Norte,Pilões,Santa Filomena,Olho D'Água do Piauí,Icaraíma,,São Miguel do Gostoso,,,Entre Rios do Sul,Lauro Müller,,Cássia dos Coqueiros,
,,,,Iaçu,Poranga,,,,Montes Claros de Goiás,Pio XII,Carbonita,,,Óbidos,Pilõezinhos,Santa Maria da Boa Vista,Padre Marcos,Iguaraçu,,São Paulo do Potengi,,,Entre-Ijuís,Lebon Régis,,Cândido Mota,
,,,,Ibiassucê,Porteiras,,,,Montividiu,Pirapemas,Careaçu,,,,Pirpirituba,Santa Maria do Cambucá,Paes Landim,Iguatu,,São Pedro,,,Erebango,Leoberto Leal,,Cândido Rodrigues,
,,,,Ibicaraí,Potengi,,,,Montividiu do Norte,Porto Franco,Carlos Chagas,,,,Pitimbu,Santa Terezinha,Pajeú do Piauí,Imbaú,,São Rafael,,,Erechim,Lindóia do Sul,,Descalvado,
,,,,Ibicoara,Potiretama,,,,Morrinhos,Porto Rico do Maranhão,Carmo da Cachoeira,,,,Pocinhos,Serra Talhada,Palmeira do Piauí,Imbituva,,São Tomé,,,Ernestina,Lontras,,Diadema,
,,,,Ibicuí,Quiterianópolis,,,,Morro Agudo de Goiás,Poção de Pedras,Carmo da Mata,,,,Pombal,Serrita,Palmeirais,Inajá,,São Vicente,,,Erval Grande,Luiz Alves,,Dirce Reis,
,,,,Ibipeba,Quixadá,,,,Mossâmedes,Presidente Dutra,Carmo de Minas,,,,Poço Dantas,Sertânia,Paquetá,Indianópolis,,Sítio Novo,,,Erval Seco,Luzerna,,Divinolândia,
,,,,Ibipitanga,Quixelô,,,,Mozarlândia,Presidente Juscelino,Carmo do Cajuru,,,,Poço de José de Moura,Sirinhaém,Parnaguá,Inácio Martins,,Taboleiro Grande,,,Esmeralda,Macieira,,Dobrada,
,,,,Ibiquera,Quixeramobim,,,,Mundo Novo,Presidente Médici,Carmo do Paranaíba,,,,Prata,Solidão,Parnaíba,Ipiranga,,Taipu,,,Esperança do Sul,Mafra,,Dois Córregos,
,,,,Ibirapitanga,Quixeré,,,,Mutunópolis,Presidente Sarney,Carmo do Rio Claro,,,,Princesa Isabel,Surubim,Passagem Franca do Piauí,Iporã,,Tangará,,,Espumoso,Major Gercino,,Dolcinópolis,
,,,,Ibirapuã,Redenção,,,,Nazário,Presidente Vargas,Carmésia,,,,Puxinanã,São Benedito do Sul,Patos do Piauí,Iracema do Oeste,,Tenente Ananias,,,Estação,Major Vieira,,Dourado,
,,,,Ibirataia,Reriutaba,,,,Nerópolis,Primeira Cruz,Carmópolis de Minas,,,,Queimadas,São Bento do Una,Pau D'Arco do Piauí,Irati,,Tenente Laurentino Cruz,,,Esteio,Maracajá,,Dracena,
,,,,Ibitiara,Russas,,,,Niquelândia,Raposa,Carneirinho,,,,Quixaba,São Caitano,Paulistana,Iretama,,Tibau,,,Estrela,Maravilha,,Duartina,
,,,,Ibititá,Saboeiro,,,,Nova América,Riachão,Carrancas,,,,Remígio,São Joaquim do Monte,Pavussu,Itaguajé,,Tibau do Sul,,,Estrela Velha,Marema,,Dumont,
,,,,Ibotirama,Salitre,,,,Nova Aurora,Ribamar Fiquene,Carvalhos,,,,Riacho de Santo Antônio,São José da Coroa Grande,Pedro II,Itaipulândia,,Timbaúba dos Batistas,,,Estância Velha,Massaranduba,,Echaporã,
,,,,Ichu,Santa Quitéria,,,,Nova Crixás,Rosário,Carvalhópolis,,,,Riacho dos Cavalos,São José do Belmonte,Pedro Laurentino,Itambaracá,,Touros,,,Eugênio de Castro,Matos Costa,,Eldorado,
,,,,Igaporã,Santana do Acaraú,,,,Nova Glória,Sambaíba,Casa Grande,,,,Riachão,São José do Egito,Picos,Itambé,,Triunfo Potiguar,,,Fagundes Varela,Meleiro,,Elias Fausto,
,,,,Igrapiúna,Santana do Cariri,,,,Nova Iguaçu de Goiás,Santa Filomena do Maranhão,Cascalho Rico,,,,Riachão do Bacamarte,São João,Pimenteiras,Itapejara d'Oeste,,Umarizal,,,Farroupilha,Mirim Doce,,Elisiário,
,,,,Iguaí,Senador Pompeu,,,,Nova Roma,Santa Helena,Cataguases,,,,Riachão do Poço,São Lourenço da Mata,Pio IX,Itaperuçu,,Upanema,,,Faxinal do Soturno,Modelo,,Embaúba,
,,,,Ilhéus,Senador Sá,,,,Nova Veneza,Santa Inês,Catas Altas,,,,Rio Tinto,São Vicente Férrer,Piracuruca,Itaúna do Sul,,Venha-Ver,,,Faxinalzinho,Mondaí,,Embu das Artes,
,,,,Inhambupe,Sobral,,,,Novo Brasil,Santa Luzia,Catas Altas da Noruega,,,,Salgadinho,Tabira,Piripiri,Ivaiporã,,Vera Cruz,,,Fazenda Vilanova,Monte Carlo,,Embu-Guaçu,
,,,,Ipecaetá,Solonópole,,,,Novo Gama,Santa Luzia do Paruá,Catuji,,,,Salgado de São Félix,Tacaimbó,Porto,Ivatuba,,Vila Flor,,,Feliz,Monte Castelo,,Emilianópolis,
,,,,Ipiaú,São Benedito,,,,Novo Planalto,Santa Quitéria do Maranhão,Catuti,,,,Santa Cecília,Tacaratu,Porto Alegre do Piauí,Ivaté,,Viçosa,,,Flores da Cunha,Morro Grande,,Engenheiro Coelho,
,,,,Ipirá,São Gonçalo do Amarante,,,,Orizona,Santa Rita,Caxambu,,,,Santa Cruz,Tamandaré,Prata do Piauí,Ivaí,,Várzea,,,Floriano Peixoto,Morro da Fumaça,,Espírito Santo do Pinhal,
,,,,Ipupiara,São João do Jaguaribe,,,,Ouro Verde de Goiás,Santana do Maranhão,Cedro do Abaeté,,,,Santa Helena,Taquaritinga do Norte,Queimada Nova,Jaboti,,Água Nova,,,Fontoura Xavier,Navegantes,,Espírito Santo do Turvo,
,,,,Irajuba,São Luís do Curu,,,,Ouvidor,Santo Amaro do Maranhão,Central de Minas,,,,Santa Inês,Terezinha,Redenção do Gurguéia,Jacarezinho,,,,,Formigueiro,Nova Erechim,,Estiva Gerbi,
,,,,Iramaia,Tabuleiro do Norte,,,,Padre Bernardo,Santo Antônio dos Lopes,Centralina,,,,Santa Luzia,Terra Nova,Regeneração,Jaguapitã,,,,,Forquetinha,Nova Itaberaba,,Estrela d'Oeste,
,,,,Iraquara,Tamboril,,,,Palestina de Goiás,Satubinha,Chalé,,,,Santa Rita,Timbaúba,Riacho Frio,Jaguariaíva,,,,,Fortaleza dos Valos,Nova Trento,,Estrela do Norte,
,,,,Irará,Tarrafas,,,,Palmeiras de Goiás,Senador Alexandre Costa,Chapada Gaúcha,,,,Santa Teresinha,Toritama,Ribeira do Piauí,Jandaia do Sul,,,,,Frederico Westphalen,Nova Veneza,,Euclides da Cunha Paulista,
,,,,Irecê,Tauá,,,,Palmelo,Senador La Rocque,Chapada do Norte,,,,Santana de Mangueira,Tracunhaém,Ribeiro Gonçalves,Janiópolis,,,,,Garibaldi,Novo Horizonte,,Fartura,
,,,,Itabela,Tejuçuoca,,,,Palminópolis,Serrano do Maranhão,Chiador,,,,Santana dos Garrotes,Trindade,Rio Grande do Piauí,Japira,,,,,Garruchos,Orleans,,Fernando Prestes,
,,,,Itaberaba,Tianguá,,,,Panamá,Sucupira do Norte,Chácara,,,,Santo André,Triunfo,Santa Cruz do Piauí,Japurá,,,,,Gaurama,Otacílio Costa,,Fernandópolis,
,,,,Itabuna,Trairi,,,,Paranaiguara,Sucupira do Riachão,Cipotânea,,,,Sapé,Tupanatinga,Santa Cruz dos Milagres,Jardim Alegre,,,,,General Câmara,Ouro,,Fernão,
,,,,Itacaré,Tururu,,,,Paraúna,São Benedito do Rio Preto,Claraval,,,,Serra Branca,Tuparetama,Santa Filomena,Jardim Olinda,,,,,Gentil,Ouro Verde,,Ferraz de Vasconcelos,
,,,,Itaeté,Ubajara,,,,Perolândia,São Bento,Claro dos Poções,,,,Serra Grande,Venturosa,Santa Luz,Jataizinho,,,,,Getúlio Vargas,Paial,,Flora Rica,
,,,,Itagi,Umari,,,,Petrolina de Goiás,São Bernardo,Cláudio,,,,Serra Redonda,Verdejante,Santa Rosa do Piauí,Jesuítas,,,,,Giruá,Painel,,Floreal,
,,,,Itagibá,Umirim,,,,Pilar de Goiás,São Domingos do Azeitão,Coimbra,,,,Serra da Raiz,Vertente do Lério,Santana do Piauí,Joaquim Távora,,,,,Glorinha,Palhoça,,Florínea,
,,,,Itagimirim,Uruburetama,,,,Piracanjuba,São Domingos do Maranhão,Coluna,,,,Serraria,Vertentes,Santo Antônio de Lisboa,Jundiaí do Sul,,,,,Gramado,Palma Sola,,Flórida Paulista,
,,,,Itaguaçu da Bahia,Uruoca,,,,Piranhas,São Francisco do Brejão,Comendador Gomes,,,,Sertãozinho,Vicência,Santo Antônio dos Milagres,Juranda,,,,,Gramado Xavier,Palmeira,,Franca,
,,,,Itaju do Colônia,Varjota,,,,Pirenópolis,São Francisco do Maranhão,Comercinho,,,,Sobrado,Vitória de Santo Antão,Santo Inácio do Piauí,Jussara,,,,,Gramado dos Loureiros,Palmitos,,Francisco Morato,
,,,,Itajuípe,Viçosa do Ceará,,,,Pires do Rio,São Félix de Balsas,Conceição da Aparecida,,,,Soledade,Xexéu,Sebastião Barros,Kaloré,,,,,Gravataí,Papanduva,,Franco da Rocha,
,,,,Itamaraju,Várzea Alegre,,,,Planaltina,São José de Ribamar,Conceição da Barra de Minas,,,,Solânea,Água Preta,Sebastião Leal,Lapa,,,,,Guabiju,Paraíso,,Gabriel Monteiro,
,,,,Itamari,,,,,Pontalina,São José dos Basílios,Conceição das Alagoas,,,,Sossêgo,Águas Belas,Sigefredo Pacheco,Laranjal,,,,,Guaporé,Passo de Torres,,Garça,
,,,,Itambé,,,,,Porangatu,São João Batista,Conceição das Pedras,,,,Sousa,,Simplício Mendes,Laranjeiras do Sul,,,,,Guarani das Missões,Passos Maia,,Gastão Vidigal,
,,,,Itanagra,,,,,Porteirão,São João do Carú,Conceição de Ipanema,,,,Sumé,,Simões,Leópolis,,,,,Guaíba,Paulo Lopes,,Gavião Peixoto,
,,,,Itanhém,,,,,Portelândia,São João do Paraíso,Conceição do Mato Dentro,,,,São Bentinho,,Socorro do Piauí,Lidianópolis,,,,,Harmonia,Pedras Grandes,,General Salgado,
,,,,Itaparica,,,,,Posse,São João do Soter,Conceição do Pará,,,,São Bento,,Sussuapara,Lindoeste,,,,,Herval,Penha,,Getulina,
,,,,Itapebi,,,,,Professor Jamil,São João dos Patos,Conceição do Rio Verde,,,,São Domingos,,São Braz do Piauí,Loanda,,,,,Herveiras,Peritiba,,Glicério,
,,,,Itapetinga,,,,,Quirinópolis,São Luís,Conceição dos Ouros,,,,São Domingos do Cariri,,São Francisco de Assis do Piauí,Lobato,,,,,Horizontina,Pescaria Brava,,Guaimbê,
,,,,Itapicuru,,,,,Rialma,São Luís Gonzaga do Maranhão,Confins,,,,São Francisco,,São Francisco do Piauí,Londrina,,,,,Hulha Negra,Petrolândia,,Guaiçara,
,,,,Itapitanga,,,,,Rianápolis,São Mateus do Maranhão,Congonhal,,,,São José da Lagoa Tapada,,São Félix do Piauí,Luiziana,,,,,Humaitá,Pinhalzinho,,Guapiara,
,,,,Itapé,,,,,Rio Quente,São Pedro da Água Branca,Congonhas,,,,São José de Caiana,,São Gonçalo do Gurguéia,Lunardelli,,,,,Ibarama,Pinheiro Preto,,Guapiaçu,
,,,,Itaquara,,,,,Rio Verde,São Pedro dos Crentes,Congonhas do Norte,,,,São José de Espinharas,,São Gonçalo do Piauí,Lupionópolis,,,,,Ibiaçá,Piratuba,,Guaraci,
,,,,Itarantim,,,,,Rubiataba,São Raimundo das Mangabeiras,Conquista,,,,São José de Piranhas,,São José do Divino,Mallet,,,,,Ibiraiaras,Planalto Alegre,,Guarani d'Oeste,
,,,,Itatim,,,,,Sanclerlândia,São Raimundo do Doca Bezerra,Conselheiro Lafaiete,,,,São José de Princesa,,São José do Peixe,Mamborê,,,,,Ibirapuitã,Pomerode,,Guarantã,
,,,,Itiruçu,,,,,Santa Bárbara de Goiás,São Roberto,Conselheiro Pena,,,,São José do Bonfim,,São José do Piauí,Mandaguari,,,,,Ibirubá,Ponte Alta,,Guararapes,
,,,,Itiúba,,,,,Santa Cruz de Goiás,São Vicente Ferrer,Consolação,,,,São José do Brejo do Cruz,,São João da Canabrava,Mandaguaçu,,,,,Igrejinha,Ponte Alta do Norte,,Guararema,
,,,,Itororó,,,,,Santa Fé de Goiás,Sítio Novo,Contagem,,,,São José do Sabugi,,São João da Fronteira,Mandirituba,,,,,Ijuí,Ponte Serrada,,Guaratinguetá,
,,,,Ituaçu,,,,,Santa Helena de Goiás,Tasso Fragoso,Coqueiral,,,,São José dos Cordeiros,,São João da Serra,Manfrinópolis,,,,,Ilópolis,Porto Belo,,Guaraçaí,
,,,,Ituberá,,,,,Santa Isabel,Timbiras,Coração de Jesus,,,,São José dos Ramos,,São João da Varjota,Mangueirinha,,,,,Imbé,Porto União,,Guareí,
,,,,Iuiu,,,,,Santa Rita do Araguaia,Timon,Cordisburgo,,,,São João do Cariri,,São João do Arraial,Manoel Ribas,,,,,Imigrante,Pouso Redondo,,Guariba,
,,,,Jaborandi,,,,,Santa Rita do Novo Destino,Trizidela do Vale,Cordislândia,,,,São João do Rio do Peixe,,São João do Piauí,Marechal Cândido Rondon,,,,,Independência,Praia Grande,,Guarujá,
,,,,Jacaraci,,,,,Santa Rosa de Goiás,Tufilândia,Corinto,,,,São João do Tigre,,São Julião,Maria Helena,,,,,Inhacorá,Presidente Castello Branco,,Guarulhos,
,,,,Jacobina,,,,,Santa Tereza de Goiás,Tuntum,Coroaci,,,,São Mamede,,São Lourenço do Piauí,Marialva,,,,,Ipiranga do Sul,Presidente Getúlio,,Guará,
,,,,Jaguaquara,,,,,Santa Terezinha de Goiás,Turiaçu,Coromandel,,,,São Miguel de Taipu,,São Luis do Piauí,Marilena,,,,,Ipê,Presidente Nereu,,Guatapará,
,,,,Jaguarari,,,,,Santo Antônio da Barra,Turilândia,Coronel Fabriciano,,,,São Sebastião de Lagoa de Roça,,São Miguel da Baixa Grande,Mariluz,,,,,Iraí,Princesa,,Guaíra,
,,,,Jaguaripe,,,,,Santo Antônio de Goiás,Tutóia,Coronel Murta,,,,São Sebastião do Umbuzeiro,,São Miguel do Fidalgo,Marilândia do Sul,,,,,Itaara,Quilombo,,Guzolândia,
,,,,Jandaíra,,,,,Santo Antônio do Descoberto,Urbano Santos,Coronel Pacheco,,,,São Vicente do Seridó,,São Miguel do Tapuio,Maringá,,,,,Itacurubi,Rancho Queimado,,Gália,
,,,,Jequié,,,,,Senador Canedo,Vargem Grande,Coronel Xavier Chaves,,,,Tacima,,São Pedro do Piauí,Maripá,,,,,Itapuca,Rio Fortuna,,Herculândia,
,,,,Jeremoabo,,,,,Serranópolis,Viana,Couto de Magalhães de Minas,,,,Taperoá,,São Raimundo Nonato,Mariópolis,,,,,Itaqui,Rio Negrinho,,Holambra,
,,,,Jiquiriçá,,,,,Silvânia,Vila Nova dos Martírios,Cristais,,,,Tavares,,Tamboril do Piauí,Marmeleiro,,,,,Itati,Rio Rufino,,Hortolândia,
,,,,Jitaúna,,,,,Simolândia,Vitorino Freire,Cristiano Otoni,,,,Teixeira,,Tanque do Piauí,Marquinho,,,,,Itatiba do Sul,Rio das Antas,,Iacanga,
,,,,João Dourado,,,,,São Domingos,Vitória do Mearim,Cristina,,,,Tenório,,Teresina,Marumbi,,,,,Ivorá,Rio do Campo,,Iacri,
,,,,Juazeiro,,,,,São Francisco de Goiás,Zé Doca,Cristália,,,,Triunfo,,União,Matelândia,,,,,Ivoti,Rio do Oeste,,Iaras,
,,,,Jucuruçu,,,,,São João d'Aliança,Água Doce do Maranhão,Crisólita,,,,Uiraúna,,Uruçuí,Matinhos,,,,,Jaboticaba,Rio do Sul,,Ibaté,
,,,,Jussara,,,,,São João da Paraúna,,Crucilândia,,,,Umbuzeiro,,Valença do Piauí,Mato Rico,,,,,Jacuizinho,Rio dos Cedros,,Ibirarema,
,,,,Jussari,,,,,São Luiz do Norte,,Cruzeiro da Fortaleza,,,,Vieirópolis,,Vera Mendes,Mauá da Serra,,,,,Jacutinga,Riqueza,,Ibirá,
,,,,Jussiape,,,,,São Luís de Montes Belos,,Cruzília,,,,Vista Serrana,,Vila Nova do Piauí,Medianeira,,,,,Jaguari,Rodeio,,Ibitinga,
,,,,Lafaiete Coutinho,,,,,São Miguel do Araguaia,,Cuparaque,,,,Várzea,,Várzea Branca,Mercedes,,,,,Jaguarão,Romelândia,,Ibiúna,
,,,,Lagoa Real,,,,,São Miguel do Passa Quatro,,Curral de Dentro,,,,Zabelê,,Várzea Grande,Mirador,,,,,Jaquirana,Salete,,Icém,
,,,,Laje,,,,,São Patrício,,Curvelo,,,,Água Branca,,Wall Ferraz,Miraselva,,,,,Jari,Saltinho,,Iepê,
,,,,Lajedinho,,,,,São Simão,,Cássia,,,,,,Água Branca,Missal,,,,,Jóia,Salto Veloso,,Igarapava,
,,,,Lajedo do Tabocal,,,,,Sítio d'Abadia,,Córrego Danta,,,,,,,Moreira Sales,,,,,Júlio de Castilhos,Sangão,,Igaratá,
,,,,Lajedão,,,,,Taquaral de Goiás,,Córrego Fundo,,,,,,,Morretes,,,,,Lagoa Bonita do Sul,Santa Cecília,,Igaraçu do Tietê,
,,,,Lamarão,,,,,Teresina de Goiás,,Córrego Novo,,,,,,,Munhoz de Melo,,,,,Lagoa Vermelha,Santa Helena,,Iguape,
,,,,Lapão,,,,,Terezópolis de Goiás,,Córrego do Bom Jesus,,,,,,,Nossa Senhora das Graças,,,,,Lagoa dos Três Cantos,Santa Rosa de Lima,,Ilha Comprida,
,,,,Lauro de Freitas,,,,,Trindade,,Cônego Marinho,,,,,,,Nova Aliança do Ivaí,,,,,Lagoão,Santa Rosa do Sul,,Ilha Solteira,
,,,,Lençóis,,,,,Trombas,,Datas,,,,,,,Nova América da Colina,,,,,Lajeado,Santa Terezinha,,Ilhabela,
,,,,Licínio de Almeida,,,,,Três Ranchos,,Delfim Moreira,,,,,,,Nova Aurora,,,,,Lajeado do Bugre,Santa Terezinha do Progresso,,Indaiatuba,
,,,,Livramento de Nossa Senhora,,,,,Turvelândia,,Delfinópolis,,,,,,,Nova Cantu,,,,,Lavras do Sul,Santiago do Sul,,Indiana,
,,,,Luís Eduardo Magalhães,,,,,Turvânia,,Delta,,,,,,,Nova Esperança,,,,,Liberato Salzano,Santo Amaro da Imperatriz,,Indiaporã,
,,,,Macajuba,,,,,Uirapuru,,Descoberto,,,,,,,Nova Esperança do Sudoeste,,,,,Lindolfo Collor,Saudades,,Inúbia Paulista,
,,,,Macarani,,,,,Uruana,,Desterro de Entre Rios,,,,,,,Nova Fátima,,,,,Linha Nova,Schroeder,,Ipaussu,
,,,,Macaúbas,,,,,Uruaçu,,Desterro do Melo,,,,,,,Nova Laranjeiras,,,,,Machadinho,Seara,,Iperó,
,,,,Macururé,,,,,Urutaí,,Diamantina,,,,,,,Nova Londrina,,,,,Mampituba,Serra Alta,,Ipeúna,
,,,,Madre de Deus,,,,,Valparaíso de Goiás,,Diogo de Vasconcelos,,,,,,,Nova Olímpia,,,,,Manoel Viana,Siderópolis,,Ipiguá,
,,,,Maetinga,,,,,Varjão,,Dionísio,,,,,,,Nova Prata do Iguaçu,,,,,Maquiné,Sombrio,,Iporanga,
,,,,Maiquinique,,,,,Vianópolis,,Divino,,,,,,,Nova Santa Bárbara,,,,,Maratá,Sul Brasil,,Ipuã,
,,,,Mairi,,,,,Vicentinópolis,,Divino das Laranjeiras,,,,,,,Nova Santa Rosa,,,,,Marau,São Bento do Sul,,Iracemápolis,
,,,,Malhada,,,,,Vila Boa,,Divinolândia de Minas,,,,,,,Nova Tebas,,,,,Marcelino Ramos,São Bernardino,,Irapuru,
,,,,Malhada de Pedras,,,,,Vila Propício,,Divinésia,,,,,,,Novo Itacolomi,,,,,Mariana Pimentel,São Bonifácio,,Irapuã,
,,,,Manoel Vitorino,,,,,Água Fria de Goiás,,Divinópolis,,,,,,,Ortigueira,,,,,Mariano Moro,São Carlos,,Itaberá,
,,,,Mansidão,,,,,Água Limpa,,Divisa Alegre,,,,,,,Ourizona,,,,,Marques de Souza,São Cristóvão do Sul,,Itajobi,
,,,,Maracás,,,,,Águas Lindas de Goiás,,Divisa Nova,,,,,,,Ouro Verde do Oeste,,,,,Mata,São Domingos,,Itaju,
,,,,Maragogipe,,,,,,,Divisópolis,,,,,,,Paiçandu,,,,,Mato Castelhano,São Francisco do Sul,,Itanhaém,
,,,,Maraú,,,,,,,Dom Bosco,,,,,,,Palmas,,,,,Mato Leitão,São Joaquim,,Itaoca,
,,,,Marcionílio Souza,,,,,,,Dom Cavati,,,,,,,Palmeira,,,,,Mato Queimado,São José,,Itapecerica da Serra,
,,,,Mascote,,,,,,,Dom Joaquim,,,,,,,Palmital,,,,,Maximiliano de Almeida,São José do Cedro,,Itapetininga,
,,,,Mata de São João,,,,,,,Dom Silvério,,,,,,,Palotina,,,,,Maçambará,São José do Cerrito,,Itapeva,
,,,,Matina,,,,,,,Dom Viçoso,,,,,,,Paranacity,,,,,Minas do Leão,São João Batista,,Itapevi,
,,,,Medeiros Neto,,,,,,,Dona Euzébia,,,,,,,Paranaguá,,,,,Miraguaí,São João do Itaperiú,,Itapira,
,,,,Miguel Calmon,,,,,,,Dores de Campos,,,,,,,Paranapoema,,,,,Montauri,São João do Oeste,,Itapirapuã Paulista,
,,,,Milagres,,,,,,,Dores de Guanhães,,,,,,,Paranavaí,,,,,Monte Alegre dos Campos,São João do Sul,,Itaporanga,
,,,,Mirangaba,,,,,,,Dores do Indaiá,,,,,,,Paraíso do Norte,,,,,Monte Belo do Sul,São Lourenço do Oeste,,Itapura,
,,,,Mirante,,,,,,,Dores do Turvo,,,,,,,Pato Bragado,,,,,Montenegro,São Ludgero,,Itapuí,
,,,,Monte Santo,,,,,,,Doresópolis,,,,,,,Pato Branco,,,,,Mormaço,São Martinho,,Itaquaquecetuba,
,,,,Morpará,,,,,,,Douradoquara,,,,,,,Paula Freitas,,,,,Morrinhos do Sul,São Miguel da Boa Vista,,Itararé,
,,,,Morro do Chapéu,,,,,,,Durandé,,,,,,,Paulo Frontin,,,,,Morro Redondo,São Miguel do Oeste,,Itariri,
,,,,Mortugaba,,,,,,,Elói Mendes,,,,,,,Peabiru,,,,,Morro Reuter,São Pedro de Alcântara,,Itatiba,
,,,,Mucugê,,,,,,,Engenheiro Caldas,,,,,,,Perobal,,,,,Mostardas,Taió,,Itatinga,
,,,,Mucuri,,,,,,,Engenheiro Navarro,,,,,,,Pinhais,,,,,Muitos Capões,Tangará,,Itaí,
,,,,Mulungu do Morro,,,,,,,Entre Folhas,,,,,,,Pinhal de São Bento,,,,,Muliterno,Tigrinhos,,Itirapina,
,,,,Mundo Novo,,,,,,,Entre Rios de Minas,,,,,,,Pinhalão,,,,,Muçum,Tijucas,,Itirapuã,
,,,,Muniz Ferreira,,,,,,,Ervália,,,,,,,Pinhão,,,,,Nicolau Vergueiro,Timbé do Sul,,Itobi,
,,,,Muquém do São Francisco,,,,,,,Esmeraldas,,,,,,,Piraquara,,,,,Nonoai,Timbó,,Itu,
,,,,Muritiba,,,,,,,Espera Feliz,,,,,,,Piraí do Sul,,,,,Nova Alvorada,Timbó Grande,,Itupeva,
,,,,Mutuípe,,,,,,,Espinosa,,,,,,,Pitanga,,,,,Nova Araçá,Treviso,,Ituverava,
,,,,Nazaré,,,,,,,Espírito Santo do Dourado,,,,,,,Pitangueiras,,,,,Nova Bassano,Treze Tílias,,Itápolis,
,,,,Nilo Peçanha,,,,,,,Estiva,,,,,,,Piên,,,,,Nova Boa Vista,Treze de Maio,,Jaborandi,
,,,,Nordestina,,,,,,,Estrela Dalva,,,,,,,Planaltina do Paraná,,,,,Nova Bréscia,Trombudo Central,,Jaboticabal,
,,,,Nova Canaã,,,,,,,Estrela do Indaiá,,,,,,,Planalto,,,,,Nova Candelária,Três Barras,,Jacareí,
,,,,Nova Fátima,,,,,,,Estrela do Sul,,,,,,,Ponta Grossa,,,,,Nova Esperança do Sul,Tubarão,,Jaci,
,,,,Nova Ibiá,,,,,,,Eugenópolis,,,,,,,Pontal do Paraná,,,,,Nova Hartz,Tunápolis,,Jacupiranga,
,,,,Nova Itarana,,,,,,,Ewbank da Câmara,,,,,,,Porecatu,,,,,Nova Palma,Turvo,,Jaguariúna,
,,,,Nova Redenção,,,,,,,Extrema,,,,,,,Porto Amazonas,,,,,Nova Petrópolis,União do Oeste,,Jales,
,,,,Nova Soure,,,,,,,Fama,,,,,,,Porto Barreiro,,,,,Nova Prata,Urubici,,Jambeiro,
,,,,Nova Viçosa,,,,,,,Faria Lemos,,,,,,,Porto Rico,,,,,Nova Pádua,Urupema,,Jandira,
,,,,Novo Horizonte,,,,,,,Felisburgo,,,,,,,Porto Vitória,,,,,Nova Ramada,Urussanga,,Jardinópolis,
,,,,Novo Triunfo,,,,,,,Felixlândia,,,,,,,Prado Ferreira,,,,,Nova Roma do Sul,Vargem,,Jarinu,
,,,,Olindina,,,,,,,Felício dos Santos,,,,,,,Pranchita,,,,,Nova Santa Rita,Vargem Bonita,,Jaú,
,,,,Oliveira dos Brejinhos,,,,,,,Fernandes Tourinho,,,,,,,Presidente Castelo Branco,,,,,Novo Barreiro,Vargeão,,Jeriquara,
,,,,Ouriçangas,,,,,,,Ferros,,,,,,,Primeiro de Maio,,,,,Novo Cabrais,Vidal Ramos,,Joanópolis,
,,,,Ourolândia,,,,,,,Fervedouro,,,,,,,Prudentópolis,,,,,Novo Hamburgo,Videira,,José Bonifácio,
,,,,Palmas de Monte Alto,,,,,,,Florestal,,,,,,,Pérola,,,,,Novo Machado,Vitor Meireles,,João Ramalho,
,,,,Palmeiras,,,,,,,Formiga,,,,,,,Pérola d'Oeste,,,,,Novo Tiradentes,Witmarsum,,Jumirim,
,,,,Paramirim,,,,,,,Formoso,,,,,,,Quarto Centenário,,,,,Novo Xingu,Xanxerê,,Jundiaí,
,,,,Paratinga,,,,,,,Fortaleza de Minas,,,,,,,Quatiguá,,,,,Não-Me-Toque,Xavantina,,Junqueirópolis,
,,,,Paripiranga,,,,,,,Fortuna de Minas,,,,,,,Quatro Barras,,,,,Osório,Xaxim,,Juquitiba,
,,,,Pau Brasil,,,,,,,Francisco Badaró,,,,,,,Quatro Pontes,,,,,Paim Filho,Zortéa,,Juquiá,
,,,,Paulo Afonso,,,,,,,Francisco Dumont,,,,,,,Quedas do Iguaçu,,,,,Palmares do Sul,Água Doce,,Júlio Mesquita,
,,,,Pedro Alexandre,,,,,,,Francisco Sá,,,,,,,Querência do Norte,,,,,Palmeira das Missões,Águas Frias,,Lagoinha,
,,,,Pedrão,,,,,,,Franciscópolis,,,,,,,Quinta do Sol,,,,,Palmitinho,Águas Mornas,,Laranjal Paulista,
,,,,Piatã,,,,,,,Frei Gaspar,,,,,,,Quitandinha,,,,,Panambi,Águas de Chapecó,,Lavrinhas,
,,,,Pilão Arcado,,,,,,,Frei Inocêncio,,,,,,,Ramilândia,,,,,Pantano Grande,,,Lavínia,
,,,,Pindaí,,,,,,,Frei Lagonegro,,,,,,,Rancho Alegre,,,,,Paraí,,,Leme,
,,,,Pindobaçu,,,,,,,Fronteira,,,,,,,Rancho Alegre D'Oeste,,,,,Paraíso do Sul,,,Lençóis Paulista,
,,,,Pintadas,,,,,,,Fronteira dos Vales,,,,,,,Realeza,,,,,Pareci Novo,,,Limeira,
,,,,Piraí do Norte,,,,,,,Fruta de Leite,,,,,,,Rebouças,,,,,Parobé,,,Lindóia,
,,,,Piripá,,,,,,,Frutal,,,,,,,Renascença,,,,,Passa Sete,,,Lins,
,,,,Piritiba,,,,,,,Funilândia,,,,,,,Reserva,,,,,Passo Fundo,,,Lorena,
,,,,Planaltino,,,,,,,Galiléia,,,,,,,Reserva do Iguaçu,,,,,Passo do Sobrado,,,Lourdes,
,,,,Planalto,,,,,,,Gameleiras,,,,,,,Ribeirão Claro,,,,,Paulo Bento,,,Louveira,
,,,,Pojuca,,,,,,,Glaucilândia,,,,,,,Ribeirão do Pinhal,,,,,Paverama,,,Lucianópolis,
,,,,Ponto Novo,,,,,,,Goiabeira,,,,,,,Rio Azul,,,,,Pedras Altas,,,Lucélia,
,,,,Porto Seguro,,,,,,,Goianá,,,,,,,Rio Bom,,,,,Pedro Osório,,,Luiziânia,
,,,,Potiraguá,,,,,,,Gonzaga,,,,,,,Rio Bonito do Iguaçu,,,,,Pejuçara,,,Lupércio,
,,,,Poções,,,,,,,Gonçalves,,,,,,,Rio Branco do Ivaí,,,,,Pelotas,,,Lutécia,
,,,,Prado,,,,,,,Gouveia,,,,,,,Rio Branco do Sul,,,,,Picada Café,,,Luís Antônio,
,,,,Presidente Dutra,,,,,,,Governador Valadares,,,,,,,Rio Negro,,,,,Pinhal,,,Macatuba,
,,,,Presidente Jânio Quadros,,,,,,,Grupiara,,,,,,,Rolândia,,,,,Pinhal Grande,,,Macaubal,
,,,,Presidente Tancredo Neves,,,,,,,Grão Mogol,,,,,,,Roncador,,,,,Pinhal da Serra,,,Macedônia,
,,,,Pé de Serra,,,,,,,Guanhães,,,,,,,Rondon,,,,,Pinheirinho do Vale,,,Magda,
,,,,Queimadas,,,,,,,Guapé,,,,,,,Rosário do Ivaí,,,,,Pinheiro Machado,,,Mairinque,
,,,,Quijingue,,,,,,,Guaraciaba,,,,,,,Sabáudia,,,,,Pinto Bandeira,,,Mairiporã,
,,,,Quixabeira,,,,,,,Guaraciama,,,,,,,Salgado Filho,,,,,Pirapó,,,Manduri,
,,,,Rafael Jambeiro,,,,,,,Guarani,,,,,,,Salto do Itararé,,,,,Piratini,,,Marabá Paulista,
,,,,Remanso,,,,,,,Guaranésia,,,,,,,Salto do Lontra,,,,,Planalto,,,Maracaí,
,,,,Retirolândia,,,,,,,Guarará,,,,,,,Santa Amélia,,,,,Ponte Preta,,,Marapoama,
,,,,Riacho de Santana,,,,,,,Guarda-Mor,,,,,,,Santa Cecília do Pavão,,,,,Pontão,,,Marinópolis,
,,,,Riachão das Neves,,,,,,,Guaxupé,,,,,,,Santa Cruz de Monte Castelo,,,,,Porto Alegre,,,Mariápolis,
,,,,Riachão do Jacuípe,,,,,,,Guidoval,,,,,,,Santa Fé,,,,,Porto Lucena,,,Martinópolis,
,,,,Ribeira do Amparo,,,,,,,Guimarânia,,,,,,,Santa Helena,,,,,Porto Mauá,,,Marília,
,,,,Ribeira do Pombal,,,,,,,Guiricema,,,,,,,Santa Inês,,,,,Porto Vera Cruz,,,Matão,
,,,,Ribeirão do Largo,,,,,,,Gurinhatã,,,,,,,Santa Isabel do Ivaí,,,,,Porto Xavier,,,Mauá,
,,,,Rio Real,,,,,,,Heliodora,,,,,,,Santa Izabel do Oeste,,,,,Portão,,,Mendonça,
,,,,Rio de Contas,,,,,,,Iapu,,,,,,,Santa Lúcia,,,,,Pouso Novo,,,Meridiano,
,,,,Rio do Antônio,,,,,,,Ibertioga,,,,,,,Santa Maria do Oeste,,,,,Poço das Antas,,,Mesópolis,
,,,,Rio do Pires,,,,,,,Ibiaí,,,,,,,Santa Mariana,,,,,Presidente Lucena,,,Miguelópolis,
,,,,Rodelas,,,,,,,Ibiracatu,,,,,,,Santa Mônica,,,,,Progresso,,,Mineiros do Tietê,
,,,,Ruy Barbosa,,,,,,,Ibiraci,,,,,,,Santa Tereza do Oeste,,,,,Protásio Alves,,,Mira Estrela,
,,,,Salinas da Margarida,,,,,,,Ibirité,,,,,,,Santa Terezinha de Itaipu,,,,,Putinga,,,Miracatu,
,,,,Salvador,,,,,,,Ibitiúra de Minas,,,,,,,Santana do Itararé,,,,,Quaraí,,,Mirandópolis,
,,,,Santa Brígida,,,,,,,Ibituruna,,,,,,,Santo Antônio da Platina,,,,,Quatro Irmãos,,,Mirante do Paranapanema,
,,,,Santa Bárbara,,,,,,,Ibiá,,,,,,,Santo Antônio do Caiuá,,,,,Quevedos,,,Mirassol,
,,,,Santa Cruz Cabrália,,,,,,,Icaraí de Minas,,,,,,,Santo Antônio do Paraíso,,,,,Quinze de Novembro,,,Mirassolândia,
,,,,Santa Cruz da Vitória,,,,,,,Igarapé,,,,,,,Santo Antônio do Sudoeste,,,,,Redentora,,,Mococa,
,,,,Santa Inês,,,,,,,Igaratinga,,,,,,,Santo Inácio,,,,,Relvado,,,Mogi Guaçu,
,,,,Santa Luzia,,,,,,,Iguatama,,,,,,,Sapopema,,,,,Restinga Sêca,,,Mogi Mirim,
,,,,Santa Maria da Vitória,,,,,,,Ijaci,,,,,,,Sarandi,,,,,Rio Grande,,,Mogi das Cruzes,
,,,,Santa Rita de Cássia,,,,,,,Ilicínea,,,,,,,Saudade do Iguaçu,,,,,Rio Pardo,,,Mombuca,
,,,,Santa Terezinha,,,,,,,Imbé de Minas,,,,,,,Sengés,,,,,Rio dos Índios,,,Mongaguá,
,,,,Santaluz,,,,,,,Inconfidentes,,,,,,,Serranópolis do Iguaçu,,,,,Riozinho,,,Monte Alegre do Sul,
,,,,Santana,,,,,,,Indaiabira,,,,,,,Sertaneja,,,,,Roca Sales,,,Monte Alto,
,,,,Santanópolis,,,,,,,Indianópolis,,,,,,,Sertanópolis,,,,,Rodeio Bonito,,,Monte Aprazível,
,,,,Santo Amaro,,,,,,,Ingaí,,,,,,,Siqueira Campos,,,,,Rolador,,,Monte Azul Paulista,
,,,,Santo Antônio de Jesus,,,,,,,Inhapim,,,,,,,Sulina,,,,,Rolante,,,Monte Castelo,
,,,,Santo Estêvão,,,,,,,Inhaúma,,,,,,,São Carlos do Ivaí,,,,,Ronda Alta,,,Monte Mor,
,,,,Sapeaçu,,,,,,,Inimutaba,,,,,,,São Jerônimo da Serra,,,,,Rondinha,,,Monteiro Lobato,
,,,,Saubara,,,,,,,Ipaba,,,,,,,São Jorge d'Oeste,,,,,Roque Gonzales,,,Monções,
,,,,Saúde,,,,,,,Ipanema,,,,,,,São Jorge do Ivaí,,,,,Rosário do Sul,,,Morro Agudo,
,,,,Seabra,,,,,,,Ipatinga,,,,,,,São Jorge do Patrocínio,,,,,Sagrada Família,,,Morungaba,
,,,,Sebastião Laranjeiras,,,,,,,Ipiaçu,,,,,,,São José da Boa Vista,,,,,Saldanha Marinho,,,Motuca,
,,,,Senhor do Bonfim,,,,,,,Ipuiúna,,,,,,,São José das Palmeiras,,,,,Salto do Jacuí,,,Murutinga do Sul,
,,,,Sento Sé,,,,,,,Iraí de Minas,,,,,,,São José dos Pinhais,,,,,Salvador das Missões,,,Nantes,
,,,,Serra Dourada,,,,,,,Itabira,,,,,,,São João,,,,,Salvador do Sul,,,Narandiba,
,,,,Serra Preta,,,,,,,Itabirinha,,,,,,,São João do Caiuá,,,,,Sananduva,,,Natividade da Serra,
,,,,Serra do Ramalho,,,,,,,Itabirito,,,,,,,São João do Ivaí,,,,,Sant'Ana do Livramento,,,Nazaré Paulista,
,,,,Serrinha,,,,,,,Itacambira,,,,,,,São João do Triunfo,,,,,Santa Bárbara do Sul,,,Neves Paulista,
,,,,Serrolândia,,,,,,,Itacarambi,,,,,,,São Manoel do Paraná,,,,,Santa Cecília do Sul,,,Nhandeara,
,,,,Simões Filho,,,,,,,Itaguara,,,,,,,São Mateus do Sul,,,,,Santa Clara do Sul,,,Nipoã,
,,,,Sobradinho,,,,,,,Itaipé,,,,,,,São Miguel do Iguaçu,,,,,Santa Cruz do Sul,,,Nova Aliança,
,,,,Souto Soares,,,,,,,Itajubá,,,,,,,São Pedro do Iguaçu,,,,,Santa Margarida do Sul,,,Nova Campina,
,,,,Sátiro Dias,,,,,,,Itamarandiba,,,,,,,São Pedro do Ivaí,,,,,Santa Maria,,,Nova Canaã Paulista,
,,,,São Desidério,,,,,,,Itamarati de Minas,,,,,,,São Pedro do Paraná,,,,,Santa Maria do Herval,,,Nova Castilho,
,,,,São Domingos,,,,,,,Itambacuri,,,,,,,São Sebastião da Amoreira,,,,,Santa Rosa,,,Nova Europa,
,,,,São Felipe,,,,,,,Itambé do Mato Dentro,,,,,,,São Tomé,,,,,Santa Tereza,,,Nova Granada,
,,,,São Francisco do Conde,,,,,,,Itamogi,,,,,,,Tamarana,,,,,Santa Vitória do Palmar,,,Nova Guataporanga,
,,,,São Félix,,,,,,,Itamonte,,,,,,,Tamboara,,,,,Santana da Boa Vista,,,Nova Independência,
,,,,São Félix do Coribe,,,,,,,Itanhandu,,,,,,,Tapejara,,,,,Santiago,,,Nova Luzitânia,
,,,,São Gabriel,,,,,,,Itanhomi,,,,,,,Tapira,,,,,Santo Antônio da Patrulha,,,Nova Odessa,
,,,,São Gonçalo dos Campos,,,,,,,Itaobim,,,,,,,Teixeira Soares,,,,,Santo Antônio das Missões,,,Novais,
,,,,São José da Vitória,,,,,,,Itapagipe,,,,,,,Telêmaco Borba,,,,,Santo Antônio do Palma,,,Novo Horizonte,
,,,,São José do Jacuípe,,,,,,,Itapecerica,,,,,,,Terra Boa,,,,,Santo Antônio do Planalto,,,Nuporanga,
,,,,São Miguel das Matas,,,,,,,Itapeva,,,,,,,Terra Rica,,,,,Santo Augusto,,,Ocauçu,
,,,,São Sebastião do Passé,,,,,,,Itatiaiuçu,,,,,,,Terra Roxa,,,,,Santo Cristo,,,Olímpia,
,,,,Sítio do Mato,,,,,,,Itaverava,,,,,,,Tibagi,,,,,Santo Expedito do Sul,,,Onda Verde,
,,,,Sítio do Quinto,,,,,,,Itaú de Minas,,,,,,,Tijucas do Sul,,,,,Santo Ângelo,,,Oriente,
,,,,Tabocas do Brejo Velho,,,,,,,Itaúna,,,,,,,Toledo,,,,,Sapiranga,,,Orindiúva,
,,,,Tanhaçu,,,,,,,Itinga,,,,,,,Tomazina,,,,,Sapucaia do Sul,,,Orlândia,
,,,,Tanque Novo,,,,,,,Itueta,,,,,,,Três Barras do Paraná,,,,,Sarandi,,,Osasco,
,,,,Tanquinho,,,,,,,Ituiutaba,,,,,,,Tunas do Paraná,,,,,Seberi,,,Oscar Bressane,
,,,,Taperoá,,,,,,,Itumirim,,,,,,,Tuneiras do Oeste,,,,,Sede Nova,,,Osvaldo Cruz,
,,,,Tapiramutá,,,,,,,Iturama,,,,,,,Tupãssi,,,,,Segredo,,,Ourinhos,
,,,,Teixeira de Freitas,,,,,,,Itutinga,,,,,,,Turvo,,,,,Selbach,,,Ouro Verde,
,,,,Teodoro Sampaio,,,,,,,Jaboticatubas,,,,,,,Ubiratã,,,,,Senador Salgado Filho,,,Ouroeste,
,,,,Teofilândia,,,,,,,Jacinto,,,,,,,Umuarama,,,,,Sentinela do Sul,,,Pacaembu,
,,,,Teolândia,,,,,,,Jacutinga,,,,,,,Uniflor,,,,,Serafina Corrêa,,,Palestina,
,,,,Terra Nova,,,,,,,Jacuí,,,,,,,União da Vitória,,,,,Sertão,,,Palmares Paulista,
,,,,Tremedal,,,,,,,Jaguaraçu,,,,,,,Uraí,,,,,Sertão Santana,,,Palmeira d'Oeste,
,,,,Tucano,,,,,,,Jampruca,,,,,,,Ventania,,,,,Sete de Setembro,,,Palmital,
,,,,Uauá,,,,,,,Janaúba,,,,,,,Vera Cruz do Oeste,,,,,Severiano de Almeida,,,Panorama,
,,,,Ubaitaba,,,,,,,Januária,,,,,,,Verê,,,,,Silveira Martins,,,Paraguaçu Paulista,
,,,,Ubatã,,,,,,,Japaraíba,,,,,,,Virmond,,,,,Sinimbu,,,Paraibuna,
,,,,Ubaíra,,,,,,,Japonvar,,,,,,,Vitorino,,,,,Sobradinho,,,Paranapanema,
,,,,Uibaí,,,,,,,Jaíba,,,,,,,Wenceslau Braz,,,,,Soledade,,,Paranapuã,
,,,,Umburanas,,,,,,,Jeceaba,,,,,,,Xambrê,,,,,São Borja,,,Parapuã,
,,,,Una,,,,,,,Jenipapo de Minas,,,,,,,Ângulo,,,,,São Domingos do Sul,,,Paraíso,
,,,,Urandi,,,,,,,Jequeri,,,,,,,,,,,,São Francisco de Assis,,,Pardinho,
,,,,Uruçuca,,,,,,,Jequitaí,,,,,,,,,,,,São Francisco de Paula,,,Pariquera-Açu,
,,,,Utinga,,,,,,,Jequitibá,,,,,,,,,,,,São Gabriel,,,Parisi,
,,,,Valente,,,,,,,Jequitinhonha,,,,,,,,,,,,São Jerônimo,,,Patrocínio Paulista,
,,,,Valença,,,,,,,Jesuânia,,,,,,,,,,,,São Jorge,,,Paulicéia,
,,,,Varzedo,,,,,,,Joanésia,,,,,,,,,,,,São José das Missões,,,Paulistânia,
,,,,Vera Cruz,,,,,,,Joaquim Felício,,,,,,,,,,,,São José do Herval,,,Paulo de Faria,
,,,,Vereda,,,,,,,Joaíma,,,,,,,,,,,,São José do Hortêncio,,,Paulínia,
,,,,Vitória da Conquista,,,,,,,Jordânia,,,,,,,,,,,,São José do Inhacorá,,,Pederneiras,
,,,,Várzea Nova,,,,,,,Josenópolis,,,,,,,,,,,,São José do Norte,,,Pedra Bela,
,,,,Várzea da Roça,,,,,,,José Gonçalves de Minas,,,,,,,,,,,,São José do Ouro,,,Pedranópolis,
,,,,Várzea do Poço,,,,,,,José Raydan,,,,,,,,,,,,São José do Sul,,,Pedregulho,
,,,,Wagner,,,,,,,João Monlevade,,,,,,,,,,,,São José dos Ausentes,,,Pedreira,
,,,,Wanderley,,,,,,,João Pinheiro,,,,,,,,,,,,São João da Urtiga,,,Pedrinhas Paulista,
,,,,Wenceslau Guimarães,,,,,,,Juatuba,,,,,,,,,,,,São João do Polêsine,,,Pedro de Toledo,
,,,,Xique-Xique,,,,,,,Juiz de Fora,,,,,,,,,,,,São Leopoldo,,,Penápolis,
,,,,Água Fria,,,,,,,Juramento,,,,,,,,,,,,São Lourenço do Sul,,,Pereira Barreto,
,,,,Érico Cardoso,,,,,,,Juruaia,,,,,,,,,,,,São Luiz Gonzaga,,,Pereiras,
,,,,,,,,,,,Juvenília,,,,,,,,,,,,São Marcos,,,Peruíbe,
,,,,,,,,,,,Ladainha,,,,,,,,,,,,São Martinho,,,Piacatu,
,,,,,,,,,,,Lagamar,,,,,,,,,,,,São Martinho da Serra,,,Piedade,
,,,,,,,,,,,Lagoa Dourada,,,,,,,,,,,,São Miguel das Missões,,,Pilar do Sul,
,,,,,,,,,,,Lagoa Formosa,,,,,,,,,,,,São Nicolau,,,Pindamonhangaba,
,,,,,,,,,,,Lagoa Grande,,,,,,,,,,,,São Paulo das Missões,,,Pindorama,
,,,,,,,,,,,Lagoa Santa,,,,,,,,,,,,São Pedro da Serra,,,Pinhalzinho,
,,,,,,,,,,,Lagoa da Prata,,,,,,,,,,,,São Pedro das Missões,,,Piquerobi,
,,,,,,,,,,,Lagoa dos Patos,,,,,,,,,,,,São Pedro do Butiá,,,Piquete,
,,,,,,,,,,,Lajinha,,,,,,,,,,,,São Pedro do Sul,,,Piracaia,
,,,,,,,,,,,Lambari,,,,,,,,,,,,São Sebastião do Caí,,,Piracicaba,
,,,,,,,,,,,Lamim,,,,,,,,,,,,São Sepé,,,Piraju,
,,,,,,,,,,,Laranjal,,,,,,,,,,,,São Valentim,,,Pirajuí,
,,,,,,,,,,,Lassance,,,,,,,,,,,,São Valentim do Sul,,,Pirangi,
,,,,,,,,,,,Lavras,,,,,,,,,,,,São Valério do Sul,,,Pirapora do Bom Jesus,
,,,,,,,,,,,Leandro Ferreira,,,,,,,,,,,,São Vendelino,,,Pirapozinho,
,,,,,,,,,,,Leme do Prado,,,,,,,,,,,,São Vicente do Sul,,,Pirassununga,
,,,,,,,,,,,Leopoldina,,,,,,,,,,,,Sério,,,Piratininga,
,,,,,,,,,,,Liberdade,,,,,,,,,,,,Tabaí,,,Pitangueiras,
,,,,,,,,,,,Lima Duarte,,,,,,,,,,,,Tapejara,,,Planalto,
,,,,,,,,,,,Limeira do Oeste,,,,,,,,,,,,Tapera,,,Platina,
,,,,,,,,,,,Lontra,,,,,,,,,,,,Tapes,,,Poloni,
,,,,,,,,,,,Luisburgo,,,,,,,,,,,,Taquara,,,Pompéia,
,,,,,,,,,,,Luislândia,,,,,,,,,,,,Taquari,,,Pongaí,
,,,,,,,,,,,Luminárias,,,,,,,,,,,,Taquaruçu do Sul,,,Pontal,
,,,,,,,,,,,Luz,,,,,,,,,,,,Tavares,,,Pontalinda,
,,,,,,,,,,,Machacalis,,,,,,,,,,,,Tenente Portela,,,Pontes Gestal,
,,,,,,,,,,,Machado,,,,,,,,,,,,Terra de Areia,,,Populina,
,,,,,,,,,,,Madre de Deus de Minas,,,,,,,,,,,,Teutônia,,,Porangaba,
,,,,,,,,,,,Malacacheta,,,,,,,,,,,,Tio Hugo,,,Porto Feliz,
,,,,,,,,,,,Mamonas,,,,,,,,,,,,Tiradentes do Sul,,,Porto Ferreira,
,,,,,,,,,,,Manga,,,,,,,,,,,,Toropi,,,Potim,
,,,,,,,,,,,Manhuaçu,,,,,,,,,,,,Torres,,,Potirendaba,
,,,,,,,,,,,Manhumirim,,,,,,,,,,,,Tramandaí,,,Poá,
,,,,,,,,,,,Mantena,,,,,,,,,,,,Travesseiro,,,Pracinha,
,,,,,,,,,,,Mar de Espanha,,,,,,,,,,,,Trindade do Sul,,,Pradópolis,
,,,,,,,,,,,Maravilhas,,,,,,,,,,,,Triunfo,,,Praia Grande,
,,,,,,,,,,,Maria da Fé,,,,,,,,,,,,Três Arroios,,,Pratânia,
,,,,,,,,,,,Mariana,,,,,,,,,,,,Três Cachoeiras,,,Presidente Alves,
,,,,,,,,,,,Marilac,,,,,,,,,,,,Três Coroas,,,Presidente Bernardes,
,,,,,,,,,,,Maripá de Minas,,,,,,,,,,,,Três Forquilhas,,,Presidente Epitácio,
,,,,,,,,,,,Marliéria,,,,,,,,,,,,Três Palmeiras,,,Presidente Prudente,
,,,,,,,,,,,Marmelópolis,,,,,,,,,,,,Três Passos,,,Presidente Venceslau,
,,,,,,,,,,,Martinho Campos,,,,,,,,,,,,Três de Maio,,,Promissão,
,,,,,,,,,,,Martins Soares,,,,,,,,,,,,Tucunduva,,,Quadra,
,,,,,,,,,,,Mata Verde,,,,,,,,,,,,Tunas,,,Quatá,
,,,,,,,,,,,Materlândia,,,,,,,,,,,,Tupanci do Sul,,,Queiroz,
,,,,,,,,,,,Mateus Leme,,,,,,,,,,,,Tupanciretã,,,Queluz,
,,,,,,,,,,,Mathias Lobato,,,,,,,,,,,,Tupandi,,,Quintana,
,,,,,,,,,,,Matias Barbosa,,,,,,,,,,,,Tuparendi,,,Rafard,
,,,,,,,,,,,Matias Cardoso,,,,,,,,,,,,Turuçu,,,Rancharia,
,,,,,,,,,,,Matipó,,,,,,,,,,,,Ubiretama,,,Redenção da Serra,
,,,,,,,,,,,Mato Verde,,,,,,,,,,,,Unistalda,,,Regente Feijó,
,,,,,,,,,,,Matozinhos,,,,,,,,,,,,União da Serra,,,Reginópolis,
,,,,,,,,,,,Matutina,,,,,,,,,,,,Uruguaiana,,,Registro,
,,,,,,,,,,,Medeiros,,,,,,,,,,,,Vacaria,,,Restinga,
,,,,,,,,,,,Medina,,,,,,,,,,,,Vale Real,,,Ribeira,
,,,,,,,,,,,Mendes Pimentel,,,,,,,,,,,,Vale Verde,,,Ribeirão Bonito,
,,,,,,,,,,,Mercês,,,,,,,,,,,,Vale do Sol,,,Ribeirão Branco,
,,,,,,,,,,,Mesquita,,,,,,,,,,,,Vanini,,,Ribeirão Corrente,
,,,,,,,,,,,Minas Novas,,,,,,,,,,,,Venâncio Aires,,,Ribeirão Grande,
,,,,,,,,,,,Minduri,,,,,,,,,,,,Vera Cruz,,,Ribeirão Pires,
,,,,,,,,,,,Mirabela,,,,,,,,,,,,Veranópolis,,,Ribeirão Preto,
,,,,,,,,,,,Miradouro,,,,,,,,,,,,Vespasiano Corrêa,,,Ribeirão do Sul,
,,,,,,,,,,,Miravânia,,,,,,,,,,,,Viadutos,,,Ribeirão dos Índios,
,,,,,,,,,,,Miraí,,,,,,,,,,,,Viamão,,,Rifaina,
,,,,,,,,,,,Moeda,,,,,,,,,,,,Vicente Dutra,,,Rincão,
,,,,,,,,,,,Moema,,,,,,,,,,,,Victor Graeff,,,Rinópolis,
,,,,,,,,,,,Monjolos,,,,,,,,,,,,Vila Flores,,,Rio Claro,
,,,,,,,,,,,Monsenhor Paulo,,,,,,,,,,,,Vila Lângaro,,,Rio Grande da Serra,
,,,,,,,,,,,Montalvânia,,,,,,,,,,,,Vila Maria,,,Rio das Pedras,
,,,,,,,,,,,Monte Alegre de Minas,,,,,,,,,,,,Vila Nova do Sul,,,Riolândia,
,,,,,,,,,,,Monte Azul,,,,,,,,,,,,Vista Alegre,,,Riversul,
,,,,,,,,,,,Monte Belo,,,,,,,,,,,,Vista Alegre do Prata,,,Rosana,
,,,,,,,,,,,Monte Carmelo,,,,,,,,,,,,Vista Gaúcha,,,Roseira,
,,,,,,,,,,,Monte Formoso,,,,,,,,,,,,Vitória das Missões,,,Rubinéia,
,,,,,,,,,,,Monte Santo de Minas,,,,,,,,,,,,Westfália,,,Rubiácea,
,,,,,,,,,,,Monte Sião,,,,,,,,,,,,Xangri-lá,,,Sabino,
,,,,,,,,,,,Montes Claros,,,,,,,,,,,,Água Santa,,,Sagres,
,,,,,,,,,,,Montezuma,,,,,,,,,,,,Áurea,,,Sales,
,,,,,,,,,,,Morada Nova de Minas,,,,,,,,,,,,,,,Sales Oliveira,
,,,,,,,,,,,Morro da Garça,,,,,,,,,,,,,,,Salesópolis,
,,,,,,,,,,,Morro do Pilar,,,,,,,,,,,,,,,Salmourão,
,,,,,,,,,,,Munhoz,,,,,,,,,,,,,,,Saltinho,
,,,,,,,,,,,Muriaé,,,,,,,,,,,,,,,Salto,
,,,,,,,,,,,Mutum,,,,,,,,,,,,,,,Salto Grande,
,,,,,,,,,,,Muzambinho,,,,,,,,,,,,,,,Salto de Pirapora,
,,,,,,,,,,,Mário Campos,,,,,,,,,,,,,,,Sandovalina,
,,,,,,,,,,,Nacip Raydan,,,,,,,,,,,,,,,Santa Adélia,
,,,,,,,,,,,Nanuque,,,,,,,,,,,,,,,Santa Albertina,
,,,,,,,,,,,Naque,,,,,,,,,,,,,,,Santa Branca,
,,,,,,,,,,,Natalândia,,,,,,,,,,,,,,,Santa Bárbara d'Oeste,
,,,,,,,,,,,Natércia,,,,,,,,,,,,,,,Santa Clara d'Oeste,
,,,,,,,,,,,Nazareno,,,,,,,,,,,,,,,Santa Cruz da Conceição,
,,,,,,,,,,,Nepomuceno,,,,,,,,,,,,,,,Santa Cruz da Esperança,
,,,,,,,,,,,Ninheira,,,,,,,,,,,,,,,Santa Cruz das Palmeiras,
,,,,,,,,,,,Nova Belém,,,,,,,,,,,,,,,Santa Cruz do Rio Pardo,
,,,,,,,,,,,Nova Era,,,,,,,,,,,,,,,Santa Ernestina,
,,,,,,,,,,,Nova Lima,,,,,,,,,,,,,,,Santa Fé do Sul,
,,,,,,,,,,,Nova Módica,,,,,,,,,,,,,,,Santa Gertrudes,
,,,,,,,,,,,Nova Ponte,,,,,,,,,,,,,,,Santa Isabel,
,,,,,,,,,,,Nova Porteirinha,,,,,,,,,,,,,,,Santa Lúcia,
,,,,,,,,,,,Nova Resende,,,,,,,,,,,,,,,Santa Maria da Serra,
,,,,,,,,,,,Nova Serrana,,,,,,,,,,,,,,,Santa Mercedes,
,,,,,,,,,,,Nova União,,,,,,,,,,,,,,,Santa Rita d'Oeste,
,,,,,,,,,,,Novo Cruzeiro,,,,,,,,,,,,,,,Santa Rita do Passa Quatro,
,,,,,,,,,,,Novo Oriente de Minas,,,,,,,,,,,,,,,Santa Rosa de Viterbo,
,,,,,,,,,,,Novorizonte,,,,,,,,,,,,,,,Santa Salete,
,,,,,,,,,,,Olaria,,,,,,,,,,,,,,,Santana da Ponte Pensa,
,,,,,,,,,,,Olhos-d'Água,,,,,,,,,,,,,,,Santana de Parnaíba,
,,,,,,,,,,,Oliveira,,,,,,,,,,,,,,,Santo Anastácio,
,,,,,,,,,,,Oliveira Fortes,,,,,,,,,,,,,,,Santo André,
,,,,,,,,,,,Olímpio Noronha,,,,,,,,,,,,,,,Santo Antônio da Alegria,
,,,,,,,,,,,Onça de Pitangui,,,,,,,,,,,,,,,Santo Antônio de Posse,
,,,,,,,,,,,Oratórios,,,,,,,,,,,,,,,Santo Antônio do Aracanguá,
,,,,,,,,,,,Orizânia,,,,,,,,,,,,,,,Santo Antônio do Jardim,
,,,,,,,,,,,Ouro Branco,,,,,,,,,,,,,,,Santo Antônio do Pinhal,
,,,,,,,,,,,Ouro Fino,,,,,,,,,,,,,,,Santo Expedito,
,,,,,,,,,,,Ouro Preto,,,,,,,,,,,,,,,Santos,
,,,,,,,,,,,Ouro Verde de Minas,,,,,,,,,,,,,,,Santópolis do Aguapeí,
,,,,,,,,,,,Padre Carvalho,,,,,,,,,,,,,,,Sarapuí,
,,,,,,,,,,,Padre Paraíso,,,,,,,,,,,,,,,Sarutaiá,
,,,,,,,,,,,Pai Pedro,,,,,,,,,,,,,,,Sebastianópolis do Sul,
,,,,,,,,,,,Paineiras,,,,,,,,,,,,,,,Serra Azul,
,,,,,,,,,,,Pains,,,,,,,,,,,,,,,Serra Negra,
,,,,,,,,,,,Paiva,,,,,,,,,,,,,,,Serrana,
,,,,,,,,,,,Palma,,,,,,,,,,,,,,,Sertãozinho,
,,,,,,,,,,,Palmópolis,,,,,,,,,,,,,,,Sete Barras,
,,,,,,,,,,,Papagaios,,,,,,,,,,,,,,,Severínia,
,,,,,,,,,,,Paracatu,,,,,,,,,,,,,,,Silveiras,
,,,,,,,,,,,Paraguaçu,,,,,,,,,,,,,,,Socorro,
,,,,,,,,,,,Paraisópolis,,,,,,,,,,,,,,,Sorocaba,
,,,,,,,,,,,Paraopeba,,,,,,,,,,,,,,,Sud Mennucci,
,,,,,,,,,,,Pará de Minas,,,,,,,,,,,,,,,Sumaré,
,,,,,,,,,,,Passa Quatro,,,,,,,,,,,,,,,Suzano,
,,,,,,,,,,,Passa Tempo,,,,,,,,,,,,,,,Suzanápolis,
,,,,,,,,,,,Passa Vinte,,,,,,,,,,,,,,,São Bento do Sapucaí,
,,,,,,,,,,,Passabém,,,,,,,,,,,,,,,São Bernardo do Campo,
,,,,,,,,,,,Passos,,,,,,,,,,,,,,,São Caetano do Sul,
,,,,,,,,,,,Patis,,,,,,,,,,,,,,,São Carlos,
,,,,,,,,,,,Patos de Minas,,,,,,,,,,,,,,,São Francisco,
,,,,,,,,,,,Patrocínio,,,,,,,,,,,,,,,São Joaquim da Barra,
,,,,,,,,,,,Patrocínio do Muriaé,,,,,,,,,,,,,,,São José da Bela Vista,
,,,,,,,,,,,Paula Cândido,,,,,,,,,,,,,,,São José do Barreiro,
,,,,,,,,,,,Paulistas,,,,,,,,,,,,,,,São José do Rio Pardo,
,,,,,,,,,,,Pavão,,,,,,,,,,,,,,,São José do Rio Preto,
,,,,,,,,,,,Pedra Azul,,,,,,,,,,,,,,,São José dos Campos,
,,,,,,,,,,,Pedra Bonita,,,,,,,,,,,,,,,São João da Boa Vista,
,,,,,,,,,,,Pedra Dourada,,,,,,,,,,,,,,,São João das Duas Pontes,
,,,,,,,,,,,Pedra do Anta,,,,,,,,,,,,,,,São João de Iracema,
,,,,,,,,,,,Pedra do Indaiá,,,,,,,,,,,,,,,São João do Pau d'Alho,
,,,,,,,,,,,Pedralva,,,,,,,,,,,,,,,São Lourenço da Serra,
,,,,,,,,,,,Pedras de Maria da Cruz,,,,,,,,,,,,,,,São Luiz do Paraitinga,
,,,,,,,,,,,Pedrinópolis,,,,,,,,,,,,,,,São Manuel,
,,,,,,,,,,,Pedro Leopoldo,,,,,,,,,,,,,,,São Miguel Arcanjo,
,,,,,,,,,,,Pedro Teixeira,,,,,,,,,,,,,,,São Paulo,
,,,,,,,,,,,Pequeri,,,,,,,,,,,,,,,São Pedro,
,,,,,,,,,,,Pequi,,,,,,,,,,,,,,,São Pedro do Turvo,
,,,,,,,,,,,Perdigão,,,,,,,,,,,,,,,São Roque,
,,,,,,,,,,,Perdizes,,,,,,,,,,,,,,,São Sebastião,
,,,,,,,,,,,Perdões,,,,,,,,,,,,,,,São Sebastião da Grama,
,,,,,,,,,,,Periquito,,,,,,,,,,,,,,,São Simão,
,,,,,,,,,,,Pescador,,,,,,,,,,,,,,,São Vicente,
,,,,,,,,,,,Peçanha,,,,,,,,,,,,,,,Tabapuã,
,,,,,,,,,,,Piau,,,,,,,,,,,,,,,Tabatinga,
,,,,,,,,,,,Piedade de Caratinga,,,,,,,,,,,,,,,Taboão da Serra,
,,,,,,,,,,,Piedade de Ponte Nova,,,,,,,,,,,,,,,Taciba,
,,,,,,,,,,,Piedade do Rio Grande,,,,,,,,,,,,,,,Taguaí,
,,,,,,,,,,,Piedade dos Gerais,,,,,,,,,,,,,,,Taiaçu,
,,,,,,,,,,,Pimenta,,,,,,,,,,,,,,,Taiúva,
,,,,,,,,,,,Pingo-d'Água,,,,,,,,,,,,,,,Tambaú,
,,,,,,,,,,,Pintópolis,,,,,,,,,,,,,,,Tanabi,
,,,,,,,,,,,Piracema,,,,,,,,,,,,,,,Tapiratiba,
,,,,,,,,,,,Pirajuba,,,,,,,,,,,,,,,Tapiraí,
,,,,,,,,,,,Piranga,,,,,,,,,,,,,,,Taquaral,
,,,,,,,,,,,Piranguinho,,,,,,,,,,,,,,,Taquaritinga,
,,,,,,,,,,,Piranguçu,,,,,,,,,,,,,,,Taquarituba,
,,,,,,,,,,,Pirapetinga,,,,,,,,,,,,,,,Taquarivaí,
,,,,,,,,,,,Pirapora,,,,,,,,,,,,,,,Tarabai,
,,,,,,,,,,,Piraúba,,,,,,,,,,,,,,,Tarumã,
,,,,,,,,,,,Pitangui,,,,,,,,,,,,,,,Tatuí,
,,,,,,,,,,,Piumhi,,,,,,,,,,,,,,,Taubaté,
,,,,,,,,,,,Planura,,,,,,,,,,,,,,,Tejupá,
,,,,,,,,,,,Pocrane,,,,,,,,,,,,,,,Teodoro Sampaio,
,,,,,,,,,,,Pompéu,,,,,,,,,,,,,,,Terra Roxa,
,,,,,,,,,,,Ponte Nova,,,,,,,,,,,,,,,Tietê,
,,,,,,,,,,,Ponto Chique,,,,,,,,,,,,,,,Timburi,
,,,,,,,,,,,Ponto dos Volantes,,,,,,,,,,,,,,,Torre de Pedra,
,,,,,,,,,,,Porteirinha,,,,,,,,,,,,,,,Torrinha,
,,,,,,,,,,,Porto Firme,,,,,,,,,,,,,,,Trabiju,
,,,,,,,,,,,Poté,,,,,,,,,,,,,,,Tremembé,
,,,,,,,,,,,Pouso Alegre,,,,,,,,,,,,,,,Três Fronteiras,
,,,,,,,,,,,Pouso Alto,,,,,,,,,,,,,,,Tuiuti,
,,,,,,,,,,,Poço Fundo,,,,,,,,,,,,,,,Tupi Paulista,
,,,,,,,,,,,Poços de Caldas,,,,,,,,,,,,,,,Tupã,
,,,,,,,,,,,Prados,,,,,,,,,,,,,,,Turiúba,
,,,,,,,,,,,Prata,,,,,,,,,,,,,,,Turmalina,
,,,,,,,,,,,Pratinha,,,,,,,,,,,,,,,Ubarana,
,,,,,,,,,,,Pratápolis,,,,,,,,,,,,,,,Ubatuba,
,,,,,,,,,,,Presidente Bernardes,,,,,,,,,,,,,,,Ubirajara,
,,,,,,,,,,,Presidente Juscelino,,,,,,,,,,,,,,,Uchoa,
,,,,,,,,,,,Presidente Kubitschek,,,,,,,,,,,,,,,União Paulista,
,,,,,,,,,,,Presidente Olegário,,,,,,,,,,,,,,,Uru,
,,,,,,,,,,,Prudente de Morais,,,,,,,,,,,,,,,Urupês,
,,,,,,,,,,,Quartel Geral,,,,,,,,,,,,,,,Urânia,
,,,,,,,,,,,Queluzito,,,,,,,,,,,,,,,Valentim Gentil,
,,,,,,,,,,,Raposos,,,,,,,,,,,,,,,Valinhos,
,,,,,,,,,,,Raul Soares,,,,,,,,,,,,,,,Valparaíso,
,,,,,,,,,,,Recreio,,,,,,,,,,,,,,,Vargem,
,,,,,,,,,,,Reduto,,,,,,,,,,,,,,,Vargem Grande Paulista,
,,,,,,,,,,,Resende Costa,,,,,,,,,,,,,,,Vargem Grande do Sul,
,,,,,,,,,,,Resplendor,,,,,,,,,,,,,,,Vera Cruz,
,,,,,,,,,,,Ressaquinha,,,,,,,,,,,,,,,Vinhedo,
,,,,,,,,,,,Riachinho,,,,,,,,,,,,,,,Viradouro,
,,,,,,,,,,,Riacho dos Machados,,,,,,,,,,,,,,,Vista Alegre do Alto,
,,,,,,,,,,,Ribeirão Vermelho,,,,,,,,,,,,,,,Vitória Brasil,
,,,,,,,,,,,Ribeirão das Neves,,,,,,,,,,,,,,,Votorantim,
,,,,,,,,,,,Rio Acima,,,,,,,,,,,,,,,Votuporanga,
,,,,,,,,,,,Rio Casca,,,,,,,,,,,,,,,Várzea Paulista,
,,,,,,,,,,,Rio Doce,,,,,,,,,,,,,,,Zacarias,
,,,,,,,,,,,Rio Espera,,,,,,,,,,,,,,,Águas da Prata,
,,,,,,,,,,,Rio Manso,,,,,,,,,,,,,,,Águas de Lindóia,
,,,,,,,,,,,Rio Novo,,,,,,,,,,,,,,,Águas de Santa Bárbara,
,,,,,,,,,,,Rio Paranaíba,,,,,,,,,,,,,,,Águas de São Pedro,
,,,,,,,,,,,Rio Pardo de Minas,,,,,,,,,,,,,,,Álvares Florence,
,,,,,,,,,,,Rio Piracicaba,,,,,,,,,,,,,,,Álvares Machado,
,,,,,,,,,,,Rio Pomba,,,,,,,,,,,,,,,Álvaro de Carvalho,
,,,,,,,,,,,Rio Preto,,,,,,,,,,,,,,,Óleo,
,,,,,,,,,,,Rio Vermelho,,,,,,,,,,,,,,,,
,,,,,,,,,,,Rio do Prado,,,,,,,,,,,,,,,,
,,,,,,,,,,,Ritápolis,,,,,,,,,,,,,,,,
,,,,,,,,,,,Rochedo de Minas,,,,,,,,,,,,,,,,
,,,,,,,,,,,Rodeiro,,,,,,,,,,,,,,,,
,,,,,,,,,,,Romaria,,,,,,,,,,,,,,,,
,,,,,,,,,,,Rosário da Limeira,,,,,,,,,,,,,,,,
,,,,,,,,,,,Rubelita,,,,,,,,,,,,,,,,
,,,,,,,,,,,Rubim,,,,,,,,,,,,,,,,
,,,,,,,,,,,Sabará,,,,,,,,,,,,,,,,
,,,,,,,,,,,Sabinópolis,,,,,,,,,,,,,,,,
,,,,,,,,,,,Sacramento,,,,,,,,,,,,,,,,
,,,,,,,,,,,Salinas,,,,,,,,,,,,,,,,
,,,,,,,,,,,Salto da Divisa,,,,,,,,,,,,,,,,
,,,,,,,,,,,Santa Bárbara,,,,,,,,,,,,,,,,
,,,,,,,,,,,Santa Bárbara do Leste,,,,,,,,,,,,,,,,
,,,,,,,,,,,Santa Bárbara do Monte Verde,,,,,,,,,,,,,,,,
,,,,,,,,,,,Santa Bárbara do Tugúrio,,,,,,,,,,,,,,,,
,,,,,,,,,,,Santa Cruz de Minas,,,,,,,,,,,,,,,,
,,,,,,,,,,,Santa Cruz de Salinas,,,,,,,,,,,,,,,,
,,,,,,,,,,,Santa Cruz do Escalvado,,,,,,,,,,,,,,,,
,,,,,,,,,,,Santa Efigênia de Minas,,,,,,,,,,,,,,,,
,,,,,,,,,,,Santa Fé de Minas,,,,,,,,,,,,,,,,
,,,,,,,,,,,Santa Helena de Minas,,,,,,,,,,,,,,,,
,,,,,,,,,,,Santa Juliana,,,,,,,,,,,,,,,,
,,,,,,,,,,,Santa Luzia,,,,,,,,,,,,,,,,
,,,,,,,,,,,Santa Margarida,,,,,,,,,,,,,,,,
,,,,,,,,,,,Santa Maria de Itabira,,,,,,,,,,,,,,,,
,,,,,,,,,,,Santa Maria do Salto,,,,,,,,,,,,,,,,
,,,,,,,,,,,Santa Maria do Suaçuí,,,,,,,,,,,,,,,,
,,,,,,,,,,,Santa Rita de Caldas,,,,,,,,,,,,,,,,
,,,,,,,,,,,Santa Rita de Ibitipoca,,,,,,,,,,,,,,,,
,,,,,,,,,,,Santa Rita de Jacutinga,,,,,,,,,,,,,,,,
,,,,,,,,,,,Santa Rita de Minas,,,,,,,,,,,,,,,,
,,,,,,,,,,,Santa Rita do Itueto,,,,,,,,,,,,,,,,
,,,,,,,,,,,Santa Rita do Sapucaí,,,,,,,,,,,,,,,,
,,,,,,,,,,,Santa Rosa da Serra,,,,,,,,,,,,,,,,
,,,,,,,,,,,Santa Vitória,,,,,,,,,,,,,,,,
,,,,,,,,,,,Santana da Vargem,,,,,,,,,,,,,,,,
,,,,,,,,,,,Santana de Cataguases,,,,,,,,,,,,,,,,
,,,,,,,,,,,Santana de Pirapama,,,,,,,,,,,,,,,,
,,,,,,,,,,,Santana do Deserto,,,,,,,,,,,,,,,,
,,,,,,,,,,,Santana do Garambéu,,,,,,,,,,,,,,,,
,,,,,,,,,,,Santana do Jacaré,,,,,,,,,,,,,,,,
,,,,,,,,,,,Santana do Manhuaçu,,,,,,,,,,,,,,,,
,,,,,,,,,,,Santana do Paraíso,,,,,,,,,,,,,,,,
,,,,,,,,,,,Santana do Riacho,,,,,,,,,,,,,,,,
,,,,,,,,,,,Santana dos Montes,,,,,,,,,,,,,,,,
,,,,,,,,,,,Santo Antônio do Amparo,,,,,,,,,,,,,,,,
,,,,,,,,,,,Santo Antônio do Aventureiro,,,,,,,,,,,,,,,,
,,,,,,,,,,,Santo Antônio do Grama,,,,,,,,,,,,,,,,
,,,,,,,,,,,Santo Antônio do Itambé,,,,,,,,,,,,,,,,
,,,,,,,,,,,Santo Antônio do Jacinto,,,,,,,,,,,,,,,,
,,,,,,,,,,,Santo Antônio do Monte,,,,,,,,,,,,,,,,
,,,,,,,,,,,Santo Antônio do Retiro,,,,,,,,,,,,,,,,
,,,,,,,,,,,Santo Antônio do Rio Abaixo,,,,,,,,,,,,,,,,
,,,,,,,,,,,Santo Hipólito,,,,,,,,,,,,,,,,
,,,,,,,,,,,Santos Dumont,,,,,,,,,,,,,,,,
,,,,,,,,,,,Sapucaí-Mirim,,,,,,,,,,,,,,,,
,,,,,,,,,,,Sardoá,,,,,,,,,,,,,,,,
,,,,,,,,,,,Sarzedo,,,,,,,,,,,,,,,,
,,,,,,,,,,,Sem-Peixe,,,,,,,,,,,,,,,,
,,,,,,,,,,,Senador Amaral,,,,,,,,,,,,,,,,
,,,,,,,,,,,Senador Cortes,,,,,,,,,,,,,,,,
,,,,,,,,,,,Senador Firmino,,,,,,,,,,,,,,,,
,,,,,,,,,,,Senador José Bento,,,,,,,,,,,,,,,,
,,,,,,,,,,,Senador Modestino Gonçalves,,,,,,,,,,,,,,,,
,,,,,,,,,,,Senhora de Oliveira,,,,,,,,,,,,,,,,
,,,,,,,,,,,Senhora do Porto,,,,,,,,,,,,,,,,
,,,,,,,,,,,Senhora dos Remédios,,,,,,,,,,,,,,,,
,,,,,,,,,,,Sericita,,,,,,,,,,,,,,,,
,,,,,,,,,,,Seritinga,,,,,,,,,,,,,,,,
,,,,,,,,,,,Serra Azul de Minas,,,,,,,,,,,,,,,,
,,,,,,,,,,,Serra da Saudade,,,,,,,,,,,,,,,,
,,,,,,,,,,,Serra do Salitre,,,,,,,,,,,,,,,,
,,,,,,,,,,,Serra dos Aimorés,,,,,,,,,,,,,,,,
,,,,,,,,,,,Serrania,,,,,,,,,,,,,,,,
,,,,,,,,,,,Serranos,,,,,,,,,,,,,,,,
,,,,,,,,,,,Serranópolis de Minas,,,,,,,,,,,,,,,,
,,,,,,,,,,,Serro,,,,,,,,,,,,,,,,
,,,,,,,,,,,Sete Lagoas,,,,,,,,,,,,,,,,
,,,,,,,,,,,Setubinha,,,,,,,,,,,,,,,,
,,,,,,,,,,,Silveirânia,,,,,,,,,,,,,,,,
,,,,,,,,,,,Silvianópolis,,,,,,,,,,,,,,,,
,,,,,,,,,,,Simonésia,,,,,,,,,,,,,,,,
,,,,,,,,,,,Simão Pereira,,,,,,,,,,,,,,,,
,,,,,,,,,,,Sobrália,,,,,,,,,,,,,,,,
,,,,,,,,,,,Soledade de Minas,,,,,,,,,,,,,,,,
,,,,,,,,,,,São Bento Abade,,,,,,,,,,,,,,,,
,,,,,,,,,,,São Brás do Suaçuí,,,,,,,,,,,,,,,,
,,,,,,,,,,,São Domingos das Dores,,,,,,,,,,,,,,,,
,,,,,,,,,,,São Domingos do Prata,,,,,,,,,,,,,,,,
,,,,,,,,,,,São Francisco,,,,,,,,,,,,,,,,
,,,,,,,,,,,São Francisco de Paula,,,,,,,,,,,,,,,,
,,,,,,,,,,,São Francisco de Sales,,,,,,,,,,,,,,,,
,,,,,,,,,,,São Francisco do Glória,,,,,,,,,,,,,,,,
,,,,,,,,,,,São Félix de Minas,,,,,,,,,,,,,,,,
,,,,,,,,,,,São Geraldo,,,,,,,,,,,,,,,,
,,,,,,,,,,,São Geraldo da Piedade,,,,,,,,,,,,,,,,
,,,,,,,,,,,São Geraldo do Baixio,,,,,,,,,,,,,,,,
,,,,,,,,,,,São Gonçalo do Abaeté,,,,,,,,,,,,,,,,
,,,,,,,,,,,São Gonçalo do Pará,,,,,,,,,,,,,,,,
,,,,,,,,,,,São Gonçalo do Rio Abaixo,,,,,,,,,,,,,,,,
,,,,,,,,,,,São Gonçalo do Rio Preto,,,,,,,,,,,,,,,,
,,,,,,,,,,,São Gonçalo do Sapucaí,,,,,,,,,,,,,,,,
,,,,,,,,,,,São Gotardo,,,,,,,,,,,,,,,,
,,,,,,,,,,,São Joaquim de Bicas,,,,,,,,,,,,,,,,
,,,,,,,,,,,São José da Barra,,,,,,,,,,,,,,,,
,,,,,,,,,,,São José da Lapa,,,,,,,,,,,,,,,,
,,,,,,,,,,,São José da Safira,,,,,,,,,,,,,,,,
,,,,,,,,,,,São José da Varginha,,,,,,,,,,,,,,,,
,,,,,,,,,,,São José do Alegre,,,,,,,,,,,,,,,,
,,,,,,,,,,,São José do Divino,,,,,,,,,,,,,,,,
,,,,,,,,,,,São José do Goiabal,,,,,,,,,,,,,,,,
,,,,,,,,,,,São José do Jacuri,,,,,,,,,,,,,,,,
,,,,,,,,,,,São José do Mantimento,,,,,,,,,,,,,,,,
,,,,,,,,,,,São João Batista do Glória,,,,,,,,,,,,,,,,
,,,,,,,,,,,São João Evangelista,,,,,,,,,,,,,,,,
,,,,,,,,,,,São João Nepomuceno,,,,,,,,,,,,,,,,
,,,,,,,,,,,São João da Lagoa,,,,,,,,,,,,,,,,
,,,,,,,,,,,São João da Mata,,,,,,,,,,,,,,,,
,,,,,,,,,,,São João da Ponte,,,,,,,,,,,,,,,,
,,,,,,,,,,,São João das Missões,,,,,,,,,,,,,,,,
,,,,,,,,,,,São João del Rei,,,,,,,,,,,,,,,,
,,,,,,,,,,,São João do Manhuaçu,,,,,,,,,,,,,,,,
,,,,,,,,,,,São João do Manteninha,,,,,,,,,,,,,,,,
,,,,,,,,,,,São João do Oriente,,,,,,,,,,,,,,,,
,,,,,,,,,,,São João do Pacuí,,,,,,,,,,,,,,,,
,,,,,,,,,,,São João do Paraíso,,,,,,,,,,,,,,,,
,,,,,,,,,,,São Lourenço,,,,,,,,,,,,,,,,
,,,,,,,,,,,São Miguel do Anta,,,,,,,,,,,,,,,,
,,,,,,,,,,,São Pedro da União,,,,,,,,,,,,,,,,
,,,,,,,,,,,São Pedro do Suaçuí,,,,,,,,,,,,,,,,
,,,,,,,,,,,São Pedro dos Ferros,,,,,,,,,,,,,,,,
,,,,,,,,,,,São Romão,,,,,,,,,,,,,,,,
,,,,,,,,,,,São Roque de Minas,,,,,,,,,,,,,,,,
,,,,,,,,,,,São Sebastião da Bela Vista,,,,,,,,,,,,,,,,
,,,,,,,,,,,São Sebastião da Vargem Alegre,,,,,,,,,,,,,,,,
,,,,,,,,,,,São Sebastião do Anta,,,,,,,,,,,,,,,,
,,,,,,,,,,,São Sebastião do Maranhão,,,,,,,,,,,,,,,,
,,,,,,,,,,,São Sebastião do Oeste,,,,,,,,,,,,,,,,
,,,,,,,,,,,São Sebastião do Paraíso,,,,,,,,,,,,,,,,
,,,,,,,,,,,São Sebastião do Rio Preto,,,,,,,,,,,,,,,,
,,,,,,,,,,,São Sebastião do Rio Verde,,,,,,,,,,,,,,,,
,,,,,,,,,,,São Tiago,,,,,,,,,,,,,,,,
,,,,,,,,,,,São Tomás de Aquino,,,,,,,,,,,,,,,,
,,,,,,,,,,,São Tomé das Letras,,,,,,,,,,,,,,,,
,,,,,,,,,,,São Vicente de Minas,,,,,,,,,,,,,,,,
,,,,,,,,,,,Tabuleiro,,,,,,,,,,,,,,,,
,,,,,,,,,,,Taiobeiras,,,,,,,,,,,,,,,,
,,,,,,,,,,,Taparuba,,,,,,,,,,,,,,,,
,,,,,,,,,,,Tapira,,,,,,,,,,,,,,,,
,,,,,,,,,,,Tapiraí,,,,,,,,,,,,,,,,
,,,,,,,,,,,Taquaraçu de Minas,,,,,,,,,,,,,,,,
,,,,,,,,,,,Tarumirim,,,,,,,,,,,,,,,,
,,,,,,,,,,,Teixeiras,,,,,,,,,,,,,,,,
,,,,,,,,,,,Teófilo Otoni,,,,,,,,,,,,,,,,
,,,,,,,,,,,Timóteo,,,,,,,,,,,,,,,,
,,,,,,,,,,,Tiradentes,,,,,,,,,,,,,,,,
,,,,,,,,,,,Tiros,,,,,,,,,,,,,,,,
,,,,,,,,,,,Tocantins,,,,,,,,,,,,,,,,
,,,,,,,,,,,Tocos do Moji,,,,,,,,,,,,,,,,
,,,,,,,,,,,Toledo,,,,,,,,,,,,,,,,
,,,,,,,,,,,Tombos,,,,,,,,,,,,,,,,
,,,,,,,,,,,Três Corações,,,,,,,,,,,,,,,,
,,,,,,,,,,,Três Marias,,,,,,,,,,,,,,,,
,,,,,,,,,,,Três Pontas,,,,,,,,,,,,,,,,
,,,,,,,,,,,Tumiritinga,,,,,,,,,,,,,,,,
,,,,,,,,,,,Tupaciguara,,,,,,,,,,,,,,,,
,,,,,,,,,,,Turmalina,,,,,,,,,,,,,,,,
,,,,,,,,,,,Turvolândia,,,,,,,,,,,,,,,,
,,,,,,,,,,,Ubaporanga,,,,,,,,,,,,,,,,
,,,,,,,,,,,Ubaí,,,,,,,,,,,,,,,,
,,,,,,,,,,,Uberaba,,,,,,,,,,,,,,,,
,,,,,,,,,,,Uberlândia,,,,,,,,,,,,,,,,
,,,,,,,,,,,Ubá,,,,,,,,,,,,,,,,
,,,,,,,,,,,Umburatiba,,,,,,,,,,,,,,,,
,,,,,,,,,,,Unaí,,,,,,,,,,,,,,,,
,,,,,,,,,,,União de Minas,,,,,,,,,,,,,,,,
,,,,,,,,,,,Uruana de Minas,,,,,,,,,,,,,,,,
,,,,,,,,,,,Urucuia,,,,,,,,,,,,,,,,
,,,,,,,,,,,Urucânia,,,,,,,,,,,,,,,,
,,,,,,,,,,,Vargem Alegre,,,,,,,,,,,,,,,,
,,,,,,,,,,,Vargem Bonita,,,,,,,,,,,,,,,,
,,,,,,,,,,,Vargem Grande do Rio Pardo,,,,,,,,,,,,,,,,
,,,,,,,,,,,Varginha,,,,,,,,,,,,,,,,
,,,,,,,,,,,Varjão de Minas,,,,,,,,,,,,,,,,
,,,,,,,,,,,Varzelândia,,,,,,,,,,,,,,,,
,,,,,,,,,,,Vazante,,,,,,,,,,,,,,,,
,,,,,,,,,,,Verdelândia,,,,,,,,,,,,,,,,
,,,,,,,,,,,Veredinha,,,,,,,,,,,,,,,,
,,,,,,,,,,,Vermelho Novo,,,,,,,,,,,,,,,,
,,,,,,,,,,,Veríssimo,,,,,,,,,,,,,,,,
,,,,,,,,,,,Vespasiano,,,,,,,,,,,,,,,,
,,,,,,,,,,,Vieiras,,,,,,,,,,,,,,,,
,,,,,,,,,,,Virgem da Lapa,,,,,,,,,,,,,,,,
,,,,,,,,,,,Virginópolis,,,,,,,,,,,,,,,,
,,,,,,,,,,,Virgolândia,,,,,,,,,,,,,,,,
,,,,,,,,,,,Virgínia,,,,,,,,,,,,,,,,
,,,,,,,,,,,Visconde do Rio Branco,,,,,,,,,,,,,,,,
,,,,,,,,,,,Viçosa,,,,,,,,,,,,,,,,
,,,,,,,,,,,Volta Grande,,,,,,,,,,,,,,,,
,,,,,,,,,,,Várzea da Palma,,,,,,,,,,,,,,,,
,,,,,,,,,,,Wenceslau Braz,,,,,,,,,,,,,,,,
,,,,,,,,,,,Água Boa,,,,,,,,,,,,,,,,
,,,,,,,,,,,Água Comprida,,,,,,,,,,,,,,,,
,,,,,,,,,,,Águas Formosas,,,,,,,,,,,,,,,,
,,,,,,,,,,,Águas Vermelhas,,,,,,,,,,,,,,,,
